transaction_id,date,description,amount,category
24917b06-820f-4006-989b-f6513b55f62d,2024-04-12,Electricity purchase 0,79.18,Transport
ced8b350-2ecf-460f-a612-e93338974b56,2024-12-14,Clothes purchase 1,111.96,Bills
f0766303-3f65-4080-8271-2ec2c82198ff,2024-09-27,Movie purchase 2,121.31,Entertainment
31611e86-293c-4276-8757-7f6d791af0c9,2024-04-16,Movie purchase 3,111.41,Food
dccc773e-5471-4d64-b221-11a68f862f50,2024-03-12,Coffee purchase 4,91.66,Entertainment
b6535fc8-1b0f-4393-844f-9a79cf3a93af,2024-07-07,Bus purchase 5,7.86,Entertainment
dad8a41f-e719-426a-9b1f-9c04cdd0809e,2024-01-21,Bus purchase 6,119.48,Food
0f19de65-c971-432d-a1a6-b71b5db3f2d4,2024-04-12,Clothes purchase 7,37.85,Entertainment
2888ad5a-93c1-4650-b45b-d71266554ece,2024-05-01,Bus purchase 8,130.3,Transport
0183c7e7-d944-47d1-82eb-643461154e47,2024-08-02,Electricity purchase 9,153.07,Food
2c830c40-87bf-4ad3-afa5-775bee32880d,2024-11-26,Bus purchase 10,102.59,Entertainment
c6f0bba6-e78d-4b7a-9179-de5a33e282b0,2024-03-28,Clothes purchase 11,110.76,Shopping
93614555-4435-497d-81b0-db91811fe66d,2024-04-09,Bus purchase 12,190.54,Entertainment
2f156cd5-fab9-404c-a75d-7a8f99e776a1,2024-12-25,Electricity purchase 13,170.2,Transport
c6393fc4-c11d-4fdd-a48b-83c1e1159c8f,2024-05-31,Coffee purchase 14,183.28,Bills
cc4abb6e-0671-4653-bfeb-a0706094ecf2,2024-05-10,Clothes purchase 15,163.68,Entertainment
9bd867dc-978e-4ca6-940d-9eecf4dcfa25,2024-05-29,Coffee purchase 16,26.24,Bills
2bd546fd-6776-452b-b40a-0f060fa454ea,2024-11-04,Coffee purchase 17,34.05,Shopping
b118ad32-c60f-4db0-9ddf-aa89afed647a,2024-09-14,Coffee purchase 18,107.69,Entertainment
3c8e9c7c-315b-47e9-b398-0056fe19d598,2024-12-09,Movie purchase 19,52.98,Food
9d7386a0-1b76-43ac-887e-624577d92385,2024-10-20,Movie purchase 20,97.96,Bills
8be55f56-85d3-4136-95e2-46212f34e1a9,2024-07-10,Coffee purchase 21,81.9,Shopping
3fa19261-d75b-4335-819e-8155c2b04e5c,2024-10-03,Clothes purchase 22,112.14,Food
1440348e-03c1-447e-99e7-263a61f5ced6,2024-06-09,Electricity purchase 23,150.64,Food
33e5b31c-ec64-4934-a725-350bdef47c2e,2024-11-09,Electricity purchase 24,144.52,Food
16f301dc-13e6-4845-a59e-161704403f51,2024-01-22,Bus purchase 25,106.64,Food
b878f35e-dd4c-430a-8336-d86c8dcd6321,2024-09-09,Clothes purchase 26,165.37,Entertainment
0454e979-83d0-4e14-be61-5437a588061a,2024-08-23,Movie purchase 27,89.02,Entertainment
315d9403-b3b3-4d4e-bf16-9ee6a1de3612,2024-12-10,Coffee purchase 28,179.86,Entertainment
703c598f-0f85-4727-adf2-16d1680bad2c,2024-02-18,Bus purchase 29,18.9,Shopping
c309cc5e-5c16-4d24-adb5-e0c991720676,2024-02-28,Electricity purchase 30,191.16,Shopping
36203fcb-dbb0-41cc-8274-d2b4daf8bfd5,2024-06-18,Movie purchase 31,132.67,Shopping
0ae0fff7-189c-413d-8f9a-0b68bc3d4a38,2024-07-06,Movie purchase 32,79.11,Transport
60b2fd8c-8f3b-4136-a0e3-504bbaf541be,2024-09-27,Coffee purchase 33,43.45,Shopping
7825a5b6-fc3d-4e5c-b61f-47e753cd32b7,2024-07-08,Electricity purchase 34,98.44,Entertainment
87d901c5-c7fd-4def-9085-c8a6a2327d6a,2024-06-23,Clothes purchase 35,42.94,Entertainment
009bd78a-1d65-4fa7-9a6d-440cb5057c50,2024-02-20,Movie purchase 36,37.43,Transport
8ac8eb04-82cb-434d-9c62-ad8e24ce5b64,2024-12-29,Coffee purchase 37,125.38,Transport
9fa8cd14-79d1-41e5-ac71-a9b2e17e16b0,2024-02-24,Clothes purchase 38,107.0,Shopping
43181273-fc30-4ace-aa1b-1fc3eeaf821b,2024-08-31,Electricity purchase 39,135.67,Bills
dc176662-85eb-4620-a9d5-c13f73831033,2024-11-15,Movie purchase 40,186.27,Transport
25faba27-39af-4ff0-8f39-d516cd856ed4,2024-05-10,Clothes purchase 41,108.79,Food
750fdb92-01f3-4a22-b1d5-893c66220f21,2024-11-02,Clothes purchase 42,118.28,Entertainment
a63d14b5-d079-49e3-8ea7-9e682f0893a3,2024-05-14,Clothes purchase 43,22.48,Food
9b0a518f-f8e3-4c85-af2b-8be99d91b69d,2024-01-21,Movie purchase 44,144.94,Entertainment
daa54280-17ae-4e84-ae5a-db70e3dae291,2024-11-24,Movie purchase 45,82.98,Entertainment
1ac3f903-5450-47d4-adb2-1b5f6315acd9,2024-06-15,Bus purchase 46,195.46,Transport
1b7a0b2d-7008-4284-957f-4680989cb5d9,2024-09-30,Electricity purchase 47,165.52,Transport
9d11aa35-36b8-41b7-87ed-c88a524a00ea,2024-03-29,Coffee purchase 48,106.88,Food
acbce5fc-977c-4be9-896e-e6f27eadf6ec,2024-11-11,Clothes purchase 49,29.03,Entertainment
79d26e8a-88be-4db5-b827-f1948e280f37,2024-01-14,Bus purchase 50,172.59,Food
a2bcf707-a163-4091-98cc-d329ae767e71,2024-08-29,Coffee purchase 51,160.96,Bills
7ead8bfe-10e6-4516-9d14-cf4cedde2929,2024-09-21,Bus purchase 52,40.99,Food
1b6fd10a-798b-4f49-936a-da9585e8ae90,2024-12-11,Movie purchase 53,62.58,Shopping
bae1627e-f576-4432-ba71-6a7efbbd1d4a,2024-02-22,Clothes purchase 54,159.71,Food
8568fd89-21aa-4ecb-8c64-ce2e80da5225,2024-12-05,Coffee purchase 55,41.12,Shopping
2b2fe3ab-29fa-476f-acfa-ef4a4db48da6,2024-04-01,Coffee purchase 56,183.96,Shopping
f4448fdf-b1f3-4d7d-8ea4-e4f6a250617d,2024-09-20,Coffee purchase 57,87.78,Shopping
05c789bc-3ebf-47dd-b541-5cb864594021,2024-02-04,Coffee purchase 58,21.97,Bills
8931fed9-09de-45c2-aab5-90d6fabe64ae,2024-07-24,Coffee purchase 59,164.07,Food
4f44f662-32c4-47c1-b2ca-843f0453dad8,2024-03-21,Bus purchase 60,77.83,Food
b23a6e55-de9c-4937-b894-dfa1cfdf8785,2024-02-19,Clothes purchase 61,107.67,Bills
6b87c8bc-9661-4ef7-adc2-4b29cabc24c2,2024-12-25,Movie purchase 62,26.9,Entertainment
171eb9ee-b008-493e-997f-c1c49ad0a336,2024-01-02,Movie purchase 63,5.5,Transport
45bb51c4-8922-40bf-a056-bf692b5765f0,2024-02-23,Movie purchase 64,129.41,Food
cccc67f0-1132-41bc-8253-5f26c6ec36e0,2024-04-15,Movie purchase 65,105.46,Transport
37f6f712-857e-4437-960c-a2fc6a3e0b46,2024-09-16,Bus purchase 66,120.74,Bills
dac40271-dc3a-4988-8cb0-7a0322d854e6,2024-11-05,Electricity purchase 67,159.78,Entertainment
ee668646-e283-4d40-bf17-4694f5c6a405,2024-07-09,Clothes purchase 68,131.09,Entertainment
3dd1a3cc-2cb2-4cb5-b836-a1589fdd9909,2024-08-05,Coffee purchase 69,39.08,Entertainment
6273ef83-ec97-4dff-9d3b-887b9a06c7f2,2024-02-13,Electricity purchase 70,75.35,Bills
f0ac1918-822c-4033-b714-19e83316fbea,2024-06-10,Movie purchase 71,181.65,Shopping
02a32f42-2ea5-4726-9ed1-594645b0406f,2024-07-20,Electricity purchase 72,155.14,Shopping
a30957ba-94bf-4831-9cbc-6cd9d4559998,2024-09-26,Clothes purchase 73,113.54,Transport
ea33db32-64a2-441c-b090-da60abaf0447,2024-12-16,Coffee purchase 74,54.85,Shopping
47a5310d-e913-43a1-9da9-07794509dd50,2024-10-30,Coffee purchase 75,63.9,Shopping
5859236d-4411-4515-b38c-1edbfb1f9879,2024-09-27,Clothes purchase 76,147.73,Entertainment
c0677654-f93d-415a-8fd5-88110bc2dd01,2024-08-02,Clothes purchase 77,170.98,Entertainment
8ebb3aa3-cb3a-425f-ae23-ac54196d36a4,2024-09-08,Movie purchase 78,135.93,Transport
f805df73-7fe5-44d8-bca5-980c4e3aaf06,2024-07-08,Coffee purchase 79,162.86,Food
069a696c-00f1-474c-a590-55bf46f41bbf,2024-10-22,Electricity purchase 80,154.5,Transport
ccd71754-fb53-404c-880c-65415644f9ec,2024-07-31,Bus purchase 81,34.19,Transport
e8e6075d-acdb-4946-85e7-b45b4616d71f,2024-07-26,Bus purchase 82,87.67,Bills
109d7fd7-b639-45fb-a5b0-e4176a370a34,2024-08-24,Clothes purchase 83,34.83,Bills
47fd1f30-e41b-4911-b0fe-11bd0d441ad4,2024-12-03,Movie purchase 84,50.87,Transport
699d7426-04f8-48d3-b162-9890d032aa0f,2024-02-22,Bus purchase 85,174.51,Transport
57a6eb8e-1ad2-4625-b991-3fbb54ec1621,2024-10-06,Coffee purchase 86,97.21,Transport
5540680f-f697-48f8-a075-63c70dfe5cb6,2024-08-04,Clothes purchase 87,109.39,Shopping
12d9d446-9722-4cc3-941c-5b7c4b63fcf9,2024-09-08,Electricity purchase 88,39.8,Bills
553c5a77-34f0-4878-aafa-8a3cb3d261d0,2024-07-06,Clothes purchase 89,65.89,Transport
9c616633-5fc7-4a6b-93a9-31f88c163db1,2024-02-10,Electricity purchase 90,49.9,Entertainment
d4ea5856-2fa1-465e-a2cf-dab8cd175c87,2024-06-05,Clothes purchase 91,45.21,Entertainment
57da7d3f-928a-44c7-b820-60ccaed0674a,2024-01-15,Clothes purchase 92,129.4,Shopping
c5ee9910-ce9b-4b56-9841-3583ca1d3e48,2024-10-27,Clothes purchase 93,55.09,Shopping
6dd1cd7b-45bf-4e94-9273-3a3ca2633bea,2024-03-05,Electricity purchase 94,128.24,Food
8b626bc4-14b3-4f1c-900b-043831be9411,2024-12-10,Electricity purchase 95,16.4,Food
c109a9fd-e3c0-43b3-a153-e64e04ba28fd,2024-11-22,Clothes purchase 96,32.65,Food
3611e76e-4f06-40ce-9514-9f3328a65a71,2024-01-09,Bus purchase 97,58.54,Shopping
8dd57099-d4f0-4669-ac44-0d430a24fdac,2024-12-09,Movie purchase 98,121.42,Shopping
c04a375f-9476-472b-b518-a62ad678395f,2024-05-08,Movie purchase 99,136.79,Shopping
a13bb926-bab6-4d31-bdee-9f85ad74370a,2024-05-15,Movie purchase 100,91.33,Entertainment
80a93e7a-1139-4230-bb44-20fae745b360,2024-03-03,Electricity purchase 101,91.93,Shopping
67c2999b-4189-4e25-ae52-de2acfb46e2e,2024-05-18,Electricity purchase 102,146.28,Entertainment
6579d52d-98a6-4bd1-a151-055afed1a737,2024-03-21,Bus purchase 103,8.09,Food
e6d2ef24-8d79-4a76-bb2e-cb7513414b9a,2024-06-11,Movie purchase 104,71.51,Food
12836b2f-5fbe-46b5-9161-39c0c4e386ba,2024-10-15,Movie purchase 105,164.65,Food
ce49278e-7d89-46ba-8ec6-66a719e09700,2024-09-17,Clothes purchase 106,122.63,Transport
f565dea0-80c8-409c-8672-8c4c0a45712e,2024-08-18,Electricity purchase 107,70.76,Transport
da2d7b86-66fd-4d37-b46d-ec109e6996b5,2024-02-10,Movie purchase 108,181.58,Bills
9dd9587b-9c21-4efc-bbd7-2abc73df024c,2024-01-28,Bus purchase 109,155.66,Bills
6f865eda-bda7-460b-992c-a32c1a0ef1eb,2024-05-14,Bus purchase 110,56.65,Bills
17109d53-49c6-473e-9b0b-274a32b0c061,2024-07-19,Movie purchase 111,130.83,Transport
512dcace-256b-49ea-9e0e-27be4bbd7ef5,2024-11-23,Electricity purchase 112,121.17,Transport
08afda70-c984-4457-8750-07ed0b2f4fca,2024-09-24,Bus purchase 113,83.23,Bills
74f73fb5-158e-4f66-84e2-9b33b26dcb3c,2024-02-02,Clothes purchase 114,76.56,Bills
2e90ddab-aa4f-470c-81db-4c4d1874ee90,2024-02-17,Bus purchase 115,71.99,Shopping
1a974711-adfc-4c5a-9260-e062bf4c4a3d,2024-03-02,Coffee purchase 116,125.35,Bills
29779789-6ff0-4a54-a598-d1759b406e65,2024-08-03,Coffee purchase 117,91.27,Shopping
ac4928d8-9a1b-4321-9a09-83c1038bc742,2024-10-19,Electricity purchase 118,167.21,Entertainment
114712a8-2faf-45c6-b8a8-9a8536c6a5cf,2024-04-08,Movie purchase 119,135.57,Transport
42a7227e-3a04-4106-93ad-4140751ee82c,2024-06-20,Electricity purchase 120,18.64,Bills
ae0a9cb1-5b68-4ce1-9ee1-79f239af827b,2024-12-25,Electricity purchase 121,129.83,Transport
c65e5f39-6e85-4b22-b99e-eea266644ce5,2024-08-01,Electricity purchase 122,57.87,Transport
eef26868-4c1e-4bcf-9c67-1711856bd2f8,2024-02-04,Electricity purchase 123,120.6,Transport
5c39efba-ec45-4a43-9e2c-ff3182be4474,2024-08-14,Clothes purchase 124,137.63,Entertainment
643e425d-f616-4d74-9b14-e7d9c50ff07b,2024-04-10,Clothes purchase 125,50.01,Food
a19231d2-a0d8-454a-a0c0-fbfd234d8d1d,2024-05-10,Bus purchase 126,94.09,Bills
0d1a6756-f190-4f7c-b03d-3d2bdb20600f,2024-09-13,Coffee purchase 127,42.11,Food
ad9f4939-6a20-4989-912c-6940055bb58a,2024-01-05,Electricity purchase 128,15.21,Food
9b629d41-de67-4029-a1e7-fe76a8255c52,2024-08-05,Bus purchase 129,78.8,Food
f5656de0-dac4-40dd-812a-76b3f5cb6dbc,2024-09-11,Coffee purchase 130,75.77,Transport
3107ea94-b9ff-493d-9b75-777b08a4ade2,2024-12-24,Movie purchase 131,199.12,Shopping
2586c9d6-2040-4f9d-a8f8-7c1468e5fb72,2024-10-09,Clothes purchase 132,92.04,Transport
21236762-9b20-4f70-ac8a-dc1cd9fe8e62,2024-07-25,Coffee purchase 133,70.05,Transport
4dc149e8-b8ac-4ace-9309-ab736a4ca3b1,2024-01-15,Movie purchase 134,118.19,Food
ad757759-0f22-44cb-bcbf-f971cc4a8915,2024-12-11,Coffee purchase 135,22.31,Transport
1ed13602-f2f8-474f-9325-bff75b9db790,2024-02-11,Clothes purchase 136,192.52,Food
4babb6ee-476c-42da-a233-147fd369e6b9,2024-06-27,Clothes purchase 137,128.82,Shopping
6926fddb-bab1-4544-9205-96c6d7abae28,2024-03-03,Bus purchase 138,152.19,Bills
e7f30019-44c8-4eb3-9934-49c1bb73987b,2024-12-17,Electricity purchase 139,38.24,Food
67dd025f-2c1d-435f-9748-40301433b8cf,2024-08-18,Coffee purchase 140,84.85,Shopping
c543d154-bd9b-4f43-86c9-69cf84a02d2c,2024-08-28,Coffee purchase 141,87.42,Bills
59563b26-f470-46f2-bd58-8ef33a59aefc,2024-02-21,Movie purchase 142,165.25,Entertainment
679ceae1-7db3-4352-b089-9a78412d312a,2024-04-05,Clothes purchase 143,5.24,Food
030fa0e7-4292-4e87-ae53-6552c9818b0d,2024-08-09,Coffee purchase 144,63.67,Food
1ecc8d70-2e4e-4316-b5a4-43f814e704fa,2024-08-18,Clothes purchase 145,196.34,Entertainment
193e2380-6993-4a1a-89eb-da6946438a91,2024-08-24,Coffee purchase 146,97.6,Entertainment
26f49770-1081-4fbd-8273-311879b592d6,2024-05-22,Bus purchase 147,79.59,Food
946c2afe-aae9-4ad3-9b0b-608be3865490,2024-06-19,Electricity purchase 148,28.37,Entertainment
45aefce1-c8e6-4793-9aba-b1e46abfc0ba,2024-01-29,Coffee purchase 149,194.96,Transport
30dc1856-5bd2-4833-80bc-ff3211956a4c,2024-02-05,Clothes purchase 150,8.91,Bills
981ffc3a-add5-4740-ab56-53ec510ff887,2024-01-13,Bus purchase 151,148.75,Bills
d1e74263-ac16-4cf7-9012-c7e86385ab0b,2024-06-08,Coffee purchase 152,154.88,Bills
fca46666-d0ff-47ce-b063-9e58a0f33f05,2024-11-22,Movie purchase 153,52.51,Transport
a1c288a2-f685-40f1-be13-89ecbee610e5,2024-07-05,Electricity purchase 154,135.95,Entertainment
489ad129-4ac2-43fa-856c-a3d7b951c0fa,2024-08-30,Coffee purchase 155,23.12,Shopping
606ff636-8f2a-4431-b049-6c7f3956153e,2024-03-26,Bus purchase 156,55.12,Entertainment
a53c5e52-8252-4876-a7e7-71752a92c95f,2024-10-10,Movie purchase 157,158.64,Food
3d286c19-da32-43d4-8c94-2bcd87d8cd20,2024-03-06,Bus purchase 158,173.61,Bills
0e7eab41-ab73-49e0-b833-524f84f4980c,2024-06-18,Bus purchase 159,123.65,Entertainment
6336214b-5bb5-433b-a5ac-3c23a808c34f,2024-02-14,Movie purchase 160,103.83,Shopping
51de5c9c-4dab-47c6-96a8-f0a37d6da712,2024-03-02,Bus purchase 161,36.06,Food
78b21071-cb1b-490c-be38-1118e2c3112e,2024-05-13,Movie purchase 162,17.31,Transport
14251021-8a47-4366-bc13-7c8b40988577,2024-10-10,Coffee purchase 163,27.94,Transport
dde73ef9-43a0-4f81-9815-c7c885532e6d,2024-01-28,Movie purchase 164,49.33,Shopping
a9a95bea-6f95-4e6e-9fc2-a78b53d6a93a,2024-04-17,Movie purchase 165,71.63,Food
053a8cfe-0b24-4a21-9f93-9a525d0aa23d,2024-02-13,Electricity purchase 166,79.28,Bills
ec3dc857-e4fe-4482-84ef-78b22e0ae2b7,2024-12-05,Movie purchase 167,72.53,Entertainment
37da772e-671f-466d-b1d1-caa0bfbe170d,2024-10-12,Movie purchase 168,51.62,Food
f6482f8b-3863-421b-be2d-f7ee688288ad,2024-11-26,Coffee purchase 169,104.4,Transport
2d8f6604-8403-488c-acfe-f45ecaee89b6,2024-05-07,Electricity purchase 170,165.93,Shopping
599a577f-8c8e-40e7-9810-62aa1bce8dc1,2024-12-13,Clothes purchase 171,59.54,Shopping
0823b16e-1680-48ac-ae56-35804618b906,2024-08-18,Coffee purchase 172,188.77,Entertainment
5e955bf0-d9d9-4a7e-9079-d9c08f673454,2024-07-08,Coffee purchase 173,175.3,Shopping
2dc233fb-b7b4-4733-854c-69980f8e329b,2024-08-12,Clothes purchase 174,36.54,Shopping
cd7f8aff-bb29-4508-955e-36451346fa97,2024-10-09,Movie purchase 175,158.32,Food
ceb56bf1-de2a-48cf-8098-368ae48a4d5a,2024-04-30,Bus purchase 176,117.04,Bills
1f3787a2-ea97-47c6-9a4c-60b31ecf6865,2024-04-25,Electricity purchase 177,115.48,Entertainment
1e2f59fe-4b93-4a91-9814-8e5e442714b5,2024-08-20,Bus purchase 178,81.25,Food
20609f06-e6ea-45d2-a659-7a8d38c3b09e,2024-09-15,Clothes purchase 179,102.72,Bills
109dc3b1-ab70-4b15-9456-65bede5b7a93,2024-12-24,Coffee purchase 180,82.45,Food
298244e2-5c58-4086-a0ac-9eca104c84c9,2024-07-16,Coffee purchase 181,110.25,Food
614ac864-b8f4-4fdd-b97a-f4639f0feb60,2024-05-16,Electricity purchase 182,127.45,Shopping
a121664f-8ed1-41fc-9c77-e30b356490dd,2024-11-13,Coffee purchase 183,136.49,Bills
daf97067-2a25-4fb3-852c-29dd4c0212fd,2024-06-13,Coffee purchase 184,108.83,Entertainment
96a25beb-f43d-4470-aed8-29b13a028dee,2024-08-12,Electricity purchase 185,145.68,Entertainment
d319079f-f0b0-44ed-9fc4-60e6a00e27ad,2024-11-02,Electricity purchase 186,32.55,Bills
17658f81-95d2-4525-85e7-5a561e5fbf59,2024-08-21,Clothes purchase 187,46.34,Shopping
30471029-cb43-4b2b-ba48-09f5210e435d,2024-06-20,Coffee purchase 188,164.65,Transport
3742b8ab-ddaf-4f12-b399-71df0168bf5f,2024-05-31,Coffee purchase 189,67.89,Food
a85293b2-2865-4283-a6ff-dd774f7d78e1,2024-11-10,Clothes purchase 190,9.46,Shopping
08430cd7-6141-4ac1-9b50-5d37a569fc91,2024-06-08,Movie purchase 191,34.99,Bills
dc687f1f-c9f9-4858-9786-2c9f4bb45e13,2024-04-05,Movie purchase 192,48.6,Food
c4db6d07-9194-42ef-88e3-358fbddc2ba0,2024-08-20,Movie purchase 193,191.68,Entertainment
72b1d7de-3247-4d38-90ed-c98609504216,2024-06-28,Clothes purchase 194,116.74,Transport
b55bf8c3-623d-4a37-ad3a-991a2647842a,2024-04-22,Coffee purchase 195,186.88,Entertainment
e6fb7d5e-5266-4384-b6a5-717c31f28cbe,2024-11-13,Clothes purchase 196,117.16,Bills
ada07395-2f5f-4168-bf51-491e9139cf28,2024-02-21,Clothes purchase 197,98.47,Food
b321cd33-e13d-4869-a447-5b1aee60ec58,2024-09-24,Movie purchase 198,66.18,Bills
a3a4e1d4-6eb4-4704-ba94-55d185134413,2024-10-21,Bus purchase 199,123.24,Food
215babe9-96e9-41eb-b5dc-5af789b5870f,2024-04-22,Coffee purchase 200,32.14,Shopping
baa26064-8b62-4b01-bfef-ce6120cc8871,2024-04-10,Movie purchase 201,180.16,Transport
2b8dd6d6-d273-4486-81ce-72f0e21df742,2024-04-22,Bus purchase 202,166.72,Shopping
12afd0d6-6da7-4229-bb29-b88758df08a9,2024-03-21,Bus purchase 203,66.92,Shopping
ab8427b1-01be-4d6f-ad57-3d9a8f48f223,2024-07-05,Electricity purchase 204,190.8,Bills
53e8ec0d-abd8-40ca-8c53-26af895fc130,2024-04-22,Coffee purchase 205,165.91,Transport
4101bd6d-5086-452a-9f98-dfc682d0b03a,2024-01-02,Bus purchase 206,134.93,Food
3b0e1a1f-3b65-4954-ae21-3b68dbd29e8b,2024-05-09,Movie purchase 207,28.74,Food
95a6b6e5-a424-4ee0-8a9c-e694f86fee3f,2024-08-07,Electricity purchase 208,98.26,Entertainment
cd38fea6-e78f-4ab4-bb92-4dce4bb0a5fc,2024-02-23,Coffee purchase 209,103.69,Food
c426bb6c-da67-4cc8-8440-c18db5e6d7f0,2024-12-08,Clothes purchase 210,50.35,Bills
abe57e37-333e-41bd-9ef1-ecd73b0ac8dc,2024-08-11,Movie purchase 211,20.59,Shopping
f6efe199-b3a9-46da-a97f-3f9f556654ba,2024-08-12,Bus purchase 212,156.46,Shopping
fc6885e7-7954-4ac4-bdb4-b8eeb512bfa7,2024-05-05,Bus purchase 213,28.8,Shopping
bd85d667-3954-4d19-9775-c6f692ba944f,2024-05-09,Movie purchase 214,120.89,Transport
ac8eae41-95b5-4bf0-a238-279efd0fc986,2024-02-22,Bus purchase 215,187.61,Food
a56a3ee8-54ff-455a-b4fd-366dbd3c7b98,2024-06-20,Electricity purchase 216,175.84,Bills
f9341d30-1053-4543-a71d-a847cab1be83,2024-08-05,Coffee purchase 217,59.16,Transport
82fbd91b-5f18-4a5b-a654-c261e9324587,2024-06-08,Electricity purchase 218,171.03,Entertainment
48f174f7-b891-4226-af22-088c4377cfa1,2024-07-16,Bus purchase 219,5.06,Bills
5766c163-f22e-4cf5-a07b-a3d4212a2672,2024-09-03,Clothes purchase 220,8.45,Bills
33f8eb96-a5e0-4e92-a49c-01b3336dca48,2024-11-19,Coffee purchase 221,122.5,Bills
3b73c18a-915b-4b3e-af13-8de45e6fc431,2024-07-21,Coffee purchase 222,76.14,Shopping
c226be5a-a3d9-400e-a6ab-c208cdda26f8,2024-07-02,Movie purchase 223,80.36,Bills
518b084f-d282-49c3-8f54-f29b5f205e75,2024-05-02,Movie purchase 224,115.07,Food
83287b02-679f-43fa-b950-2d02b346d434,2024-09-11,Clothes purchase 225,42.4,Bills
75d490b1-8374-46ce-b3e3-9133e9dd6bc9,2024-10-20,Coffee purchase 226,46.29,Shopping
5602170f-dee1-4a93-991b-101b3b3f59fb,2024-10-06,Clothes purchase 227,99.5,Bills
65bbdc48-2bb7-4259-8020-ffa68102e36d,2024-11-20,Movie purchase 228,152.08,Entertainment
c62345c8-6051-4551-87d5-7e081906a282,2024-04-07,Movie purchase 229,125.8,Entertainment
7a736e58-6492-4b79-9fcf-036e8f75ed57,2024-07-16,Coffee purchase 230,62.98,Shopping
ff8afa7e-c295-432b-a637-fe38944cc163,2024-08-27,Electricity purchase 231,88.92,Food
8515baba-2880-4d63-9954-8b2d3e61f198,2024-05-23,Bus purchase 232,38.28,Food
78d3b318-16c8-44f7-9ffe-7f641288655b,2024-04-06,Movie purchase 233,19.55,Transport
3539ecb0-7b15-46a5-a8c1-9eef6e511175,2024-07-19,Movie purchase 234,157.63,Shopping
88a00ba3-0908-4459-8b7d-68a8bf63493f,2024-05-03,Electricity purchase 235,56.75,Bills
a1d8a9d4-feae-45f3-9ad3-e7c4dc8850d1,2024-07-05,Electricity purchase 236,39.66,Shopping
bd5bda95-f926-40c4-b9a3-e9eeaae3a168,2024-11-21,Clothes purchase 237,139.87,Transport
d7c61507-6725-426a-8718-9f5b99d7dec0,2024-12-14,Clothes purchase 238,125.52,Shopping
21caf75b-acfa-42cc-ab5f-9e1356cc839b,2024-09-15,Bus purchase 239,128.47,Shopping
1e85d14b-b415-4e8c-b481-0a63c9b69f03,2024-05-27,Bus purchase 240,49.63,Transport
8b8f410a-b115-48c6-961f-f533e8b6a49d,2024-09-08,Coffee purchase 241,50.37,Food
a657dfbf-f46d-4c0f-9746-bb0763996cce,2024-12-11,Clothes purchase 242,48.06,Bills
5dad68a8-c797-4f36-81ec-6403332afd19,2024-05-26,Movie purchase 243,38.88,Transport
4156c117-6bfa-4822-8ef2-e93f6fc05fc2,2024-05-27,Clothes purchase 244,132.87,Entertainment
4b0aa307-d769-40a3-b115-e2e113550eef,2024-12-17,Movie purchase 245,170.36,Food
15ca262b-9536-4494-94e4-30dc9e9c47f2,2024-07-17,Electricity purchase 246,146.24,Entertainment
6bc702ff-aec7-49d0-b814-4ba12c4f1678,2024-11-03,Clothes purchase 247,159.46,Food
e722caed-d362-4ff6-94fc-a1f71e80deef,2024-05-07,Electricity purchase 248,83.94,Bills
367e7c20-9fd0-4cae-b90d-d5549642e511,2024-02-08,Bus purchase 249,132.54,Bills
4b6e6d55-9aac-45de-85b7-3854cd9e090c,2024-12-03,Bus purchase 250,74.08,Shopping
538ed274-286f-4d23-94e4-f927b5cc03e3,2024-12-25,Coffee purchase 251,107.47,Entertainment
84f47bdc-5d7d-4abd-afa0-33ffbf26f623,2024-05-08,Clothes purchase 252,98.92,Food
80829744-409e-4a51-95b1-dcdc2eab1101,2024-09-23,Electricity purchase 253,39.49,Bills
68569306-14c7-425b-91e2-08c10fe2a9c2,2024-05-30,Movie purchase 254,80.48,Transport
8224bbb1-ec34-40eb-b009-ffc946045e28,2024-10-24,Bus purchase 255,192.95,Bills
8c943665-cf14-4022-95ef-8003a1f6877a,2024-04-08,Bus purchase 256,53.47,Transport
ef023cfa-ba72-471a-9599-ec90bec085f2,2024-09-19,Movie purchase 257,31.09,Food
bf0ab9ec-d7e8-4c54-bd33-a3c7adc801a7,2024-09-08,Electricity purchase 258,86.62,Bills
a304bf49-8fcb-423d-b253-b48d7c0d3dd0,2024-05-23,Electricity purchase 259,159.12,Bills
12bd6800-7d8e-4267-a8dc-5dfb54828da6,2024-12-11,Clothes purchase 260,118.52,Food
556f2d98-9692-4280-81cb-85c78e3dd185,2024-04-21,Clothes purchase 261,137.79,Bills
af86cbfd-8ce4-4746-a370-f93e129569ac,2024-02-29,Coffee purchase 262,41.99,Transport
5b10848d-f250-4f73-8070-6757d885e97f,2024-01-02,Bus purchase 263,125.69,Bills
6f3c7409-089d-4175-b533-6b2ecc97ce81,2024-10-30,Clothes purchase 264,68.08,Entertainment
9042d477-1719-4200-9536-bcfcc802b544,2024-09-10,Electricity purchase 265,167.69,Shopping
1bc12e8a-3025-4f06-8ba5-585a43c0825b,2024-05-19,Movie purchase 266,127.71,Transport
37b9fd5f-eec7-4c20-80e1-f3b070a89888,2024-02-06,Electricity purchase 267,43.78,Entertainment
57fe9bd0-d7ee-4db6-acfd-8842bed9cdb6,2024-06-08,Bus purchase 268,17.6,Food
1b6a7b87-0ac9-423f-ad77-340e303e60eb,2024-01-09,Electricity purchase 269,13.31,Transport
d65e5f40-c86e-41b4-9666-6ed032180605,2024-08-20,Coffee purchase 270,77.42,Shopping
b8dbea4a-7703-43bc-b26f-5d88188ca196,2024-04-08,Bus purchase 271,56.84,Shopping
21d5d152-140d-4452-881e-e5a647f8763f,2024-05-26,Movie purchase 272,130.99,Food
5164c5bf-3e71-48dc-9acf-1a0413a9cbe5,2024-10-30,Coffee purchase 273,102.37,Food
23e0305c-c00a-4ebd-b685-1167259623a3,2024-07-26,Bus purchase 274,56.87,Transport
04f6f30e-a647-4a19-a60c-1aae1023490d,2024-05-10,Movie purchase 275,34.1,Bills
0eecfc0b-99a5-40e1-a1aa-dc581bd81093,2024-05-31,Coffee purchase 276,29.8,Food
de65fb7d-b243-46a2-9002-61bbe9768665,2024-02-23,Coffee purchase 277,173.61,Bills
24efaf52-f2db-4048-a310-97d44bf03084,2024-04-29,Bus purchase 278,52.48,Entertainment
965d6c8e-29c9-4a29-8b65-a6f2754bbb63,2024-06-09,Clothes purchase 279,132.08,Shopping
945bf47d-ff0d-4e88-a093-cf9de19dc16a,2024-04-25,Coffee purchase 280,163.08,Bills
a0ec927a-ca18-4341-935a-9b3d1bedce1a,2024-03-15,Coffee purchase 281,124.75,Shopping
26dcb3a0-3cf2-4e23-b6bc-781ee07c8cbe,2024-04-22,Movie purchase 282,172.62,Bills
1855b38d-6c2f-4d00-a763-00a461976fa6,2024-04-13,Electricity purchase 283,81.52,Entertainment
892e7f71-2542-4145-8d1a-2a405289224d,2024-12-05,Bus purchase 284,191.46,Food
40280b75-b072-403b-81dd-f88208180150,2024-09-10,Bus purchase 285,30.96,Entertainment
6fd9cab8-cb69-40b8-8c65-1d507ddfadec,2024-08-14,Clothes purchase 286,24.92,Food
78f22be8-9925-4c50-ba6a-01077d3198d6,2024-04-21,Clothes purchase 287,133.44,Food
6e4d9326-4522-47d4-b627-9889b44c1fd3,2024-04-08,Bus purchase 288,188.85,Shopping
4cbe4d1f-8d5d-4124-b1d2-0121fd81d9b0,2024-06-01,Clothes purchase 289,162.73,Entertainment
3c0a28cf-1e3d-4b6e-836b-c5c81c552210,2024-12-14,Movie purchase 290,19.9,Bills
e2f68824-e62d-4fdd-b4d8-f1aaa58d77d2,2024-12-31,Bus purchase 291,59.48,Entertainment
3c48965a-31af-4a2b-b05a-ca83c5f70418,2024-12-03,Clothes purchase 292,186.41,Shopping
ec0e0534-3dac-4af9-b663-3063cac6c006,2024-07-12,Bus purchase 293,54.35,Food
b7f4e9aa-a9b5-4cb2-a52b-4a55c6b1ce10,2024-11-05,Electricity purchase 294,157.33,Shopping
5431939e-2c86-4cac-abc0-aaa98f93c20b,2024-06-11,Coffee purchase 295,165.9,Transport
e8c91f61-516f-4dc7-bbb7-d9d7adb77799,2024-07-26,Bus purchase 296,101.61,Transport
9659a4f7-cd65-46d6-ac41-72a302365de8,2024-06-17,Coffee purchase 297,80.34,Bills
008c53e9-05eb-4f10-8d88-e5ed9be4593c,2024-06-09,Clothes purchase 298,92.77,Shopping
e3be19f5-47af-4590-a6a2-8706024126da,2024-03-08,Coffee purchase 299,49.26,Bills
cdc75ac4-5732-439a-a2c9-67ea14b4851a,2024-10-15,Bus purchase 300,178.43,Bills
7ee814c1-b61b-4601-9b64-998c4ff7bcde,2024-10-03,Electricity purchase 301,92.87,Transport
6e82a589-e8e4-446c-903d-f1915ba289d7,2024-10-30,Clothes purchase 302,177.08,Bills
693687bb-147c-4d78-bdde-c594368f1c89,2024-05-14,Bus purchase 303,25.61,Transport
3dcfeaf9-1293-4e0e-a864-e1c664707c63,2024-07-13,Clothes purchase 304,197.71,Food
0eef40eb-6919-44b7-b2ef-0a0dacc6e613,2024-05-07,Movie purchase 305,91.44,Shopping
4215683c-eae6-46b6-94e0-062387d15f09,2024-02-02,Coffee purchase 306,14.33,Bills
b13d069b-5581-449c-9081-d80032a4133e,2024-06-24,Movie purchase 307,12.41,Transport
14260273-2699-4cc7-84bd-5b4c5d40d632,2024-01-22,Bus purchase 308,150.51,Entertainment
78d6f147-f128-47d9-9d4b-39b0479ae9f3,2024-08-25,Electricity purchase 309,133.51,Bills
5dbb042c-2e4f-47f1-8f64-fc38927f1417,2024-06-06,Clothes purchase 310,161.42,Food
9204cae8-fec8-4bc5-a65f-2726b859edf8,2024-02-07,Coffee purchase 311,25.55,Food
0f60d196-fc8e-4fee-8319-49fd8d396153,2024-08-17,Clothes purchase 312,11.94,Entertainment
0f266735-4aec-4c56-8e93-d88304ff4416,2024-12-30,Bus purchase 313,104.17,Transport
e2cb6e87-4377-4172-8b69-dde47903d679,2024-02-20,Clothes purchase 314,80.58,Bills
c3f110ad-f574-4314-abc6-1371224a0943,2024-09-20,Coffee purchase 315,95.08,Transport
46ad906c-d3d8-474c-a7f4-e695148e0e81,2024-10-09,Bus purchase 316,198.36,Food
7916fd8a-80d7-46f6-b393-17dfdc5bc4ff,2024-01-27,Clothes purchase 317,194.3,Transport
1cf2f783-f13a-49e0-9588-4662e8770202,2024-08-13,Electricity purchase 318,188.75,Food
4cc8ef75-cefe-4da1-bf87-24e5691bed31,2024-10-03,Bus purchase 319,157.85,Transport
f0e525e1-cda7-4e67-9180-2fedfdabb477,2024-10-12,Bus purchase 320,74.19,Entertainment
c08b8310-14be-445a-ad0d-1fb6a284e036,2024-04-06,Electricity purchase 321,85.37,Shopping
f68473be-9a4c-47cb-b8ab-75fbc70fa805,2024-10-10,Movie purchase 322,112.18,Entertainment
bb389f88-d281-4be3-a3f0-90fc36c31991,2024-11-12,Coffee purchase 323,166.95,Entertainment
1fbb8019-9177-40a3-a469-1610cedfc5ba,2024-10-30,Movie purchase 324,18.4,Shopping
cdf8ac5b-851e-4a7d-8c7a-2889510be3d2,2024-05-26,Clothes purchase 325,87.74,Shopping
da9b6e88-cf31-420f-bc84-496232e3b777,2024-01-04,Electricity purchase 326,21.11,Bills
833c35f1-0cf2-4611-a410-39006607ef86,2024-02-04,Movie purchase 327,105.36,Bills
06a5e470-8b63-4d03-a4f0-7a531d678797,2024-07-10,Bus purchase 328,180.29,Entertainment
e9659466-5964-45f5-9d03-b217c2f70c6a,2024-02-18,Clothes purchase 329,157.58,Entertainment
e3e82eb5-3c1a-4a0f-a2c8-4e93998293fd,2024-01-17,Clothes purchase 330,49.43,Food
a93a4c6a-1d36-4600-bcce-41833945f427,2024-06-20,Movie purchase 331,195.32,Food
5286f54b-b213-4ff0-9fd9-1a9cfdf55199,2024-08-07,Movie purchase 332,135.13,Bills
93f27b71-d439-4d90-a305-00bfe88d6d18,2024-06-06,Electricity purchase 333,7.03,Bills
10569259-5e30-4dd9-ad72-afb941875f85,2024-02-15,Coffee purchase 334,54.81,Food
914e6436-3d5d-4b59-8b01-eabd60852f33,2024-01-06,Movie purchase 335,55.84,Food
012e9518-0f42-409d-aa3b-a706ee75a88e,2024-04-08,Movie purchase 336,18.5,Transport
95a639b4-15f6-4eb6-b5ad-9d9a0189ed90,2024-08-20,Bus purchase 337,192.17,Transport
328bf468-6d71-40e5-b44d-1545004e4fbc,2024-02-06,Clothes purchase 338,98.26,Food
4447124b-f75e-42a6-a02a-647f9e850b9b,2024-10-06,Coffee purchase 339,179.68,Transport
0781d959-d1ea-4d1b-ab35-ce965e86e6aa,2024-12-14,Bus purchase 340,67.83,Shopping
530b995e-ea8c-4029-a95e-39a684b9cb99,2024-10-28,Electricity purchase 341,29.42,Bills
ff17779d-a5c7-464e-ab2d-a5d2579e66aa,2024-06-29,Electricity purchase 342,97.5,Bills
90483287-304a-448d-a1b6-82c8ad3f5617,2024-04-04,Movie purchase 343,27.22,Food
6df451c6-2cd9-465c-9e8d-748c348dd024,2024-04-08,Movie purchase 344,99.77,Entertainment
3ea270e2-16d1-4d66-981a-37fb8e4d6301,2024-07-06,Electricity purchase 345,184.46,Food
8368a00c-64fe-4697-a9f0-f345c28e4073,2024-04-25,Movie purchase 346,106.55,Transport
7a5967c0-2932-454a-b004-a1a35ccc9437,2024-07-09,Coffee purchase 347,125.22,Entertainment
4f8c8f6d-145b-42e1-9593-b1a7d6606d76,2024-09-09,Movie purchase 348,35.54,Transport
fd8a9c28-f779-4b99-8323-bdeebc0893bd,2024-06-09,Clothes purchase 349,13.53,Shopping
12a31c09-91f5-4fd7-87fa-97117cb44e50,2024-09-12,Movie purchase 350,26.61,Transport
72b87a06-f408-4e19-b07c-db7cb3e380c4,2024-11-18,Bus purchase 351,121.71,Shopping
b86ca7f4-3cdf-4b79-825a-518489b79314,2024-05-07,Coffee purchase 352,23.53,Shopping
1fa6207e-45c7-43dc-8acf-dbb05fd95253,2024-01-18,Bus purchase 353,78.32,Transport
0c1ee867-86a4-490e-acc0-a04c58ec63c8,2024-10-07,Bus purchase 354,112.27,Transport
b134db09-4152-4d1a-9fb1-f600eb7ed1ca,2024-08-10,Clothes purchase 355,80.79,Shopping
bdc96729-0d9c-4e22-8845-795f7de2d1f5,2024-02-23,Coffee purchase 356,36.92,Entertainment
4e66d3e1-7684-4428-b4d6-2cdc208860c8,2024-02-27,Coffee purchase 357,58.39,Shopping
1d2339c2-ffa4-44a9-85f1-1888e9ac8a21,2024-11-18,Coffee purchase 358,186.02,Bills
d80671a9-66ab-4aa9-ad4c-92835fe8b29f,2024-12-25,Coffee purchase 359,136.82,Shopping
7549c0b8-155f-4691-8b0b-c55c33d57380,2024-06-22,Coffee purchase 360,101.73,Entertainment
0687b0f4-ce02-448b-b547-f3340f1bc372,2024-10-06,Clothes purchase 361,7.48,Bills
f303cf35-966b-42ff-9eb6-a869da74d3d4,2024-04-23,Movie purchase 362,198.52,Food
00b9fd4d-651f-4247-bc0a-b6467c004a2a,2024-10-14,Bus purchase 363,135.93,Food
89fabce9-a18e-425c-b659-3a6ab9e4d0db,2024-12-07,Coffee purchase 364,66.8,Entertainment
64e2b571-4e8a-4b71-be27-b63dcc881b91,2024-05-30,Movie purchase 365,176.46,Shopping
712a74a6-a325-494a-aa09-20959e430866,2024-05-06,Movie purchase 366,55.39,Transport
58481509-a31d-4937-8966-cfd85e5f7ead,2024-06-03,Bus purchase 367,111.08,Entertainment
8258bb4a-cf4a-4bd6-bbb3-e02c36f65a27,2024-09-29,Clothes purchase 368,129.03,Bills
994bd79b-812e-4869-bae5-7cca4a89c40b,2024-04-13,Electricity purchase 369,48.11,Bills
7272a960-5864-41a3-af1d-3a2cbe8c4c11,2024-10-25,Electricity purchase 370,195.79,Food
22e28671-e6be-46c5-80ce-f261003a6c52,2024-09-02,Movie purchase 371,150.9,Bills
13113d8a-1f8c-462c-bc10-6b80b1449220,2024-06-24,Bus purchase 372,113.77,Entertainment
8852e02b-2bdf-48e4-918a-b5ecf2d6c2e7,2024-02-08,Electricity purchase 373,40.22,Bills
8a2586fb-5494-4459-8a31-71a2b9f3de69,2024-06-18,Movie purchase 374,15.5,Entertainment
487f79ef-17f7-4e9b-af1c-e06b837de6ed,2024-09-03,Clothes purchase 375,67.41,Transport
d263d1a5-fac0-4639-ad75-6de1483ffbf4,2024-01-26,Electricity purchase 376,151.87,Food
f2e1aae7-d610-4512-9fbc-b00da1dfd9b9,2024-12-20,Movie purchase 377,57.52,Bills
fb345a19-f692-40ae-8e28-ea0e1d9d2b54,2024-11-01,Movie purchase 378,110.21,Entertainment
b5caae1c-5d4b-4d02-ac49-511005392e7c,2024-01-13,Coffee purchase 379,146.95,Shopping
28827606-36e8-4ff1-b6ca-a21d1063e9d7,2024-11-11,Clothes purchase 380,26.05,Food
0ee0ca81-30bc-48e0-a0d1-815cf39b8aaf,2024-11-08,Coffee purchase 381,138.63,Transport
14feb7f8-e129-41be-b059-c6b8ba41a47e,2024-02-05,Bus purchase 382,22.91,Entertainment
3caa6179-51a9-4f23-96dc-9c4b593b2278,2024-06-21,Coffee purchase 383,193.2,Transport
9e39fe87-89e3-4b15-9c48-e5946d42608b,2024-01-20,Coffee purchase 384,100.24,Transport
09fd9b5a-1a12-425c-a0b8-9bccaf0a63b2,2024-11-16,Electricity purchase 385,34.38,Bills
e035c91c-7d8d-49eb-b3a3-b5bab0d1aa9f,2024-09-20,Movie purchase 386,71.76,Bills
5577e5c5-6814-4170-94c3-2005bd8b5dc0,2024-05-21,Clothes purchase 387,85.62,Entertainment
a6c6f59c-cf8a-4ed3-ac1c-484971064254,2024-05-22,Coffee purchase 388,152.85,Shopping
27b1c649-b67e-4553-b62a-57d8a1d573b4,2024-04-01,Clothes purchase 389,149.97,Entertainment
5f27d5d5-5d7a-4351-9aa8-56a56ffbb4c4,2024-12-19,Coffee purchase 390,124.33,Shopping
80c6ab78-e735-47f1-8150-d42475611ec7,2024-11-17,Bus purchase 391,25.66,Transport
3568cd87-9414-414d-b0b1-11d01acaaea5,2024-10-14,Coffee purchase 392,34.56,Food
148fa735-d633-4489-b8df-8c22c29f0fc0,2024-08-02,Electricity purchase 393,23.28,Entertainment
f377d12c-9b9c-413d-873a-919e3c0da9ad,2024-12-07,Movie purchase 394,117.55,Entertainment
97033746-97b1-42d1-8cbe-e25927023653,2024-02-20,Bus purchase 395,176.04,Shopping
fc2c33ad-6661-4c68-835b-185a714b3a76,2024-06-01,Coffee purchase 396,89.59,Transport
59e1e39f-fb7b-4f88-b2bc-4c63d50c544a,2024-07-04,Clothes purchase 397,36.37,Transport
c0e8f59f-4c01-48eb-ae3b-04150c3f467c,2024-03-03,Bus purchase 398,113.82,Shopping
d1ebbb31-2b9a-44bc-a499-695876f7978f,2024-07-08,Bus purchase 399,163.29,Transport
0b4eecd9-aa08-43a5-aef0-b1d064fe14fe,2024-05-04,Coffee purchase 400,149.63,Bills
fa7d7beb-d0a6-408d-8adf-ff5ef7958d8f,2024-05-29,Bus purchase 401,176.88,Food
b989f70c-3727-4f92-83b8-807dd77f20b5,2024-11-09,Clothes purchase 402,59.19,Entertainment
232e01d6-3e76-4abc-a10c-02a297b0f128,2024-02-27,Bus purchase 403,42.82,Food
d996fe6e-0543-433a-9566-d3f96f5e2846,2024-12-07,Clothes purchase 404,176.56,Entertainment
61b66c93-0e92-4336-99e8-c814b4e6e19d,2024-10-31,Coffee purchase 405,133.22,Bills
89b7b9af-7baf-42c0-a6a6-820cdbe689ba,2024-06-28,Movie purchase 406,65.63,Transport
9632af50-bc1c-49a3-a3d6-e430c82682e5,2024-06-18,Bus purchase 407,149.76,Shopping
4a5612de-6d03-45ff-97a6-d7a76b1dd5b1,2024-11-21,Movie purchase 408,163.95,Bills
776eb061-a4bd-40f8-9a97-91a3ef8ef4a5,2024-09-27,Clothes purchase 409,124.92,Food
3a3ee112-7433-4d0c-8e43-71419be90223,2024-02-23,Bus purchase 410,139.14,Shopping
765d379c-fc1a-4554-b689-1c9d1af87bea,2024-04-10,Electricity purchase 411,78.18,Transport
3971255f-6623-451a-8265-de599404a944,2024-09-20,Movie purchase 412,110.05,Bills
bb269903-3c85-4083-9a1c-0d29cf032648,2024-02-22,Bus purchase 413,107.21,Shopping
fa035f1f-db7d-4a33-a53a-aff6c58f17a5,2024-02-29,Movie purchase 414,170.37,Bills
165665db-a2f1-40fc-a68b-dfc681ceb315,2024-04-17,Bus purchase 415,168.79,Bills
1bc09eaa-e0da-4c6d-9eb0-2346d96f4b3c,2024-01-05,Coffee purchase 416,167.37,Transport
1849f138-90f6-457f-bf33-96b659081af0,2024-04-12,Movie purchase 417,7.15,Entertainment
5ef88d68-bb25-4ac6-85e5-b03ee0a5bbed,2024-07-14,Electricity purchase 418,151.16,Shopping
1317217b-a105-4b3d-a62c-cb2188fc8251,2024-09-18,Electricity purchase 419,152.94,Transport
357bfeee-3d94-46f7-b46f-8e92038e936e,2024-12-30,Clothes purchase 420,137.28,Bills
4c0e8294-9d37-47a1-9e35-923100ebf384,2024-12-15,Bus purchase 421,152.47,Transport
7f8d6968-9c78-47ff-8c59-789d85d7eab4,2024-02-16,Movie purchase 422,169.18,Entertainment
167c5dca-b823-4b92-8979-8fe49ea9f1bf,2024-12-20,Clothes purchase 423,96.71,Shopping
8d45718f-4e9a-408a-97cb-5397305a91fd,2024-11-06,Movie purchase 424,102.9,Entertainment
7907525c-0dd6-41dc-a44a-983ecedbabc3,2024-11-03,Bus purchase 425,29.32,Food
3d7248f2-7bd1-49b7-b46a-6cce4cc33222,2024-05-23,Electricity purchase 426,80.15,Shopping
2aa2bb3b-a715-49fe-a831-a21f1aee319c,2024-09-25,Coffee purchase 427,130.46,Entertainment
7393bc04-4445-482c-9d60-70d5fb6df231,2024-05-03,Electricity purchase 428,157.18,Bills
fa15cb22-feaf-4eaa-a8d5-775b67ee6e1b,2024-04-15,Clothes purchase 429,47.36,Shopping
c7c43bbd-bdf2-4661-a938-5ded5ed3c7f7,2024-06-06,Coffee purchase 430,31.88,Shopping
a9845007-89a4-46a1-afe6-88bbe1f269ba,2024-05-26,Clothes purchase 431,134.29,Transport
44b4a50a-1fbf-4cb3-94a8-96b2e4536cea,2024-05-24,Bus purchase 432,5.37,Bills
b2ed3427-3ec8-4be9-9366-f1bec4e1488d,2024-04-29,Coffee purchase 433,39.78,Food
f1be2490-6f55-4ee1-9c96-95e6fca73cdf,2024-11-14,Clothes purchase 434,10.67,Entertainment
f0e69e79-da55-4228-8abf-1769e6eecca1,2024-10-01,Bus purchase 435,37.54,Transport
ea5d48d0-4d10-439f-87c0-53caf1394d1a,2024-04-01,Electricity purchase 436,40.36,Entertainment
9e014ec5-5527-49c4-92a8-1674293d93fe,2024-02-27,Bus purchase 437,80.6,Food
f889275f-b0d8-43ca-a084-6f93f5f3962c,2024-12-11,Movie purchase 438,83.45,Food
7db801b9-0e38-4fc8-8a81-b82ae60e8a24,2024-08-16,Bus purchase 439,175.48,Shopping
b5a00e44-789f-4fba-ac66-c0099ba1330d,2024-04-26,Bus purchase 440,104.47,Food
b5153c99-d5d1-4afa-8fbb-9df1dd0a8947,2024-11-13,Movie purchase 441,146.06,Entertainment
8e425b4e-ba8c-488a-82b0-1cd73d08b2c9,2024-10-05,Clothes purchase 442,25.31,Bills
2dd9e5df-18cb-4c81-9ee1-6e495f7a7e7f,2024-05-06,Clothes purchase 443,48.96,Bills
0b44ab78-f1f0-4c20-a9e9-69d5116e2910,2024-05-08,Bus purchase 444,142.07,Shopping
8bdf45f9-c581-46b2-b8e9-0cc1a4936134,2024-02-27,Movie purchase 445,15.3,Entertainment
19b69657-9441-4404-b91b-b96527c9c43d,2024-05-01,Movie purchase 446,99.89,Entertainment
69531d3e-1aea-465c-bb8a-9a6d65fce1f3,2024-01-01,Electricity purchase 447,121.88,Food
c7766021-0cf0-4222-b8ba-9561ac8f610e,2024-08-26,Clothes purchase 448,122.42,Entertainment
ddd38069-d987-47ab-a616-6a253242560e,2024-10-16,Coffee purchase 449,9.47,Transport
1abb9f6d-1ac5-4c56-9f29-bb647bccbd4b,2024-04-05,Clothes purchase 450,67.81,Food
7a104b48-b1bd-4b45-9e76-6f2bd5490b79,2024-05-05,Clothes purchase 451,129.12,Transport
16250a0b-432a-48c6-bcbe-26c81be68be8,2024-04-27,Electricity purchase 452,34.05,Shopping
df609b62-f358-4472-99af-e47984bd9fc7,2024-02-17,Coffee purchase 453,140.61,Bills
84055d26-e4f3-44c6-8bc6-bb8ee071d71d,2024-03-29,Electricity purchase 454,150.46,Shopping
8ea5e8f8-ff2a-48e8-a020-e533eb9adf33,2024-08-24,Coffee purchase 455,196.48,Bills
37481778-3990-4e91-9db6-4df17d8a1849,2024-09-28,Bus purchase 456,45.92,Shopping
2449c6d7-1033-453a-966e-b031ca71a758,2024-07-07,Coffee purchase 457,165.9,Entertainment
115c15c3-cefb-438e-aee6-472c885cacb9,2024-07-10,Electricity purchase 458,106.46,Transport
92d97a5f-111c-447a-a316-8f3109ead479,2024-03-09,Clothes purchase 459,77.83,Bills
037c577b-7917-4a8d-8406-2224bb14254c,2024-10-04,Coffee purchase 460,28.86,Food
c7e40401-816e-4749-9988-08647c732a8c,2024-12-14,Coffee purchase 461,148.42,Transport
aac986e4-40ef-4081-8f77-0a7591f6a969,2024-09-03,Movie purchase 462,50.99,Food
74b30e5d-43d5-420f-ac96-192866b0b60a,2024-03-16,Clothes purchase 463,77.43,Transport
96d3a0ee-f764-4e5b-afd5-794d1751c8e6,2024-06-02,Bus purchase 464,17.2,Transport
c41bd1dd-cb5e-4f47-b8ff-441639e4b911,2024-05-23,Electricity purchase 465,161.27,Shopping
7775b505-1ce1-41fb-bc57-48055ff915aa,2024-03-26,Bus purchase 466,154.48,Bills
ad401857-ec76-4cf8-a397-1e19694d71ec,2024-07-03,Clothes purchase 467,148.06,Bills
60280019-f8f7-4721-9382-6ac9a263be4b,2024-10-11,Coffee purchase 468,63.39,Transport
9fe2e042-76fc-4d71-9998-2dfe3c4a9eb9,2024-08-07,Coffee purchase 469,38.83,Entertainment
4bc30ef2-e498-4575-81fd-97a6b3bf89f0,2024-03-09,Clothes purchase 470,129.32,Entertainment
c5e00779-2d30-41ce-98f8-6ce441ea9843,2024-02-16,Coffee purchase 471,101.75,Food
1b1b05a8-fa11-4d1e-88c7-a06a7c499ea0,2024-04-03,Coffee purchase 472,39.76,Food
9190633c-cc47-49ff-82ad-e16596fb342a,2024-08-25,Coffee purchase 473,138.75,Shopping
c9d0d3dd-6b40-43c0-9e53-ca43b174c4f1,2024-07-22,Electricity purchase 474,198.27,Transport
656e2062-1e1c-4ff8-acf9-3b8a98aa8ed5,2024-08-05,Electricity purchase 475,150.71,Food
8afa09ee-ff92-45ca-a7b2-1c520ccea38c,2024-12-06,Movie purchase 476,149.3,Food
bb86a046-fdee-4989-bce6-73fc9be1944a,2024-02-08,Bus purchase 477,190.31,Transport
53adb2fe-54bf-4c92-8cd1-6b6803ff8bac,2024-04-09,Clothes purchase 478,44.57,Shopping
c79330a6-b3e5-4126-b1a1-f715d4a76c58,2024-10-15,Clothes purchase 479,115.28,Food
b2049931-9521-4b13-8cd6-b9a0a290968d,2024-09-10,Clothes purchase 480,196.03,Shopping
30720ef3-bd55-47a9-b0df-eeae54c5f612,2024-08-09,Movie purchase 481,37.23,Bills
acef7005-dc05-42ba-8f80-1675775be9bb,2024-12-22,Electricity purchase 482,141.55,Shopping
549baa97-a150-4744-9dc8-73ed1506a168,2024-01-23,Movie purchase 483,119.23,Entertainment
5d2bce6a-142d-46d2-8c68-60d604795dd9,2024-09-06,Clothes purchase 484,119.36,Entertainment
a2805155-2a3b-4226-9a22-e50933f3263d,2024-01-10,Bus purchase 485,141.05,Shopping
1d70329f-9188-4c2e-a64f-d880acf6189c,2024-09-02,Coffee purchase 486,186.28,Entertainment
770f2fa6-f3bc-4097-a5da-8b4d57f74b83,2024-11-20,Electricity purchase 487,157.6,Bills
df08c694-ce95-41e4-aaf8-a0fc98cfab98,2024-04-09,Electricity purchase 488,15.95,Transport
23a64920-b280-4b93-9512-257057b02725,2024-10-16,Movie purchase 489,171.28,Entertainment
b69f1344-e2be-423f-b5d4-e97134416215,2024-06-28,Electricity purchase 490,48.98,Entertainment
6160ecd8-07d1-442e-9c0b-8ed6819fd24b,2024-08-10,Clothes purchase 491,78.5,Shopping
afb9cfed-1455-4496-8f1a-aacfdad44aea,2024-09-06,Clothes purchase 492,95.04,Bills
b0efa684-9578-47e1-a98a-0dbfc8c6cb1a,2024-05-26,Movie purchase 493,98.78,Transport
7854b2f5-f0d2-4d81-b798-8c1baba4f2f2,2024-04-05,Clothes purchase 494,89.86,Shopping
0a40a4cf-f246-415b-8270-e8dfaeca7e48,2024-09-13,Bus purchase 495,187.78,Shopping
500d6ded-7cc1-47e0-964b-5112c03ce124,2024-11-20,Movie purchase 496,142.67,Bills
2d952d69-fb39-441b-89ae-6121c37f85ce,2024-01-04,Bus purchase 497,128.08,Transport
a187d9ce-886f-4ef7-9d49-998f40c721f0,2024-01-16,Coffee purchase 498,14.72,Bills
14395373-6ff4-4f3a-95d1-3d0f112d1706,2024-10-06,Bus purchase 499,181.26,Transport
34ae1217-49e9-4adc-bf6f-a950ac35a4d1,2024-12-01,Coffee purchase 500,182.33,Bills
d5f2ed14-d371-42c2-bcae-96a31f44fcee,2024-09-03,Coffee purchase 501,157.14,Shopping
40d11d54-bce8-4961-aa4b-2a1fd81b3a4a,2024-09-14,Bus purchase 502,6.37,Shopping
c1e04d97-6324-4a7b-859d-bcda6cb0f61f,2024-06-08,Movie purchase 503,16.17,Food
288a4c68-c7c6-4065-a660-ead3043b7c74,2024-12-05,Clothes purchase 504,48.92,Entertainment
6e55a477-a2fb-4f36-939f-62ea84645119,2024-05-31,Clothes purchase 505,30.61,Bills
2508b928-f0a8-40d0-8060-4adcb1b6f937,2024-06-26,Coffee purchase 506,82.77,Food
f00f6403-5071-4142-943d-47036e40cd4e,2024-06-11,Coffee purchase 507,184.91,Entertainment
50fdafdb-b3b3-4380-aa3b-572e5d39912b,2024-02-02,Movie purchase 508,97.05,Bills
5483e936-b453-400d-893f-32a856724524,2024-06-27,Electricity purchase 509,7.61,Transport
132aa5cb-d81f-4f93-8e7c-54015b8067e4,2024-04-10,Bus purchase 510,60.14,Entertainment
f69846e8-b801-4c3d-8ce6-c27d4511d178,2024-09-24,Coffee purchase 511,13.7,Shopping
f6f153b8-6ce3-4824-b020-56719e10a3fe,2024-11-18,Clothes purchase 512,12.08,Food
a2936c84-127a-440b-9511-588c57946973,2024-03-05,Movie purchase 513,58.77,Entertainment
7c79211c-72e7-4d15-ab88-e0cdcbcd713a,2024-06-16,Bus purchase 514,58.74,Entertainment
9dc0052b-4c4d-4390-ae44-74b8b265fe17,2024-11-25,Movie purchase 515,158.49,Shopping
e1bf1d24-743d-4fe3-8b11-20ccffb372ff,2024-02-12,Bus purchase 516,195.09,Bills
a2e2d7d4-9002-4bb0-b546-e492d19dcb2e,2024-02-13,Bus purchase 517,77.39,Transport
a473ad10-6247-432e-813d-7aaaac0d3c4f,2024-10-11,Coffee purchase 518,88.63,Shopping
fe1b3f3a-2c71-45bb-944c-48eae4c37de8,2024-01-12,Movie purchase 519,169.73,Transport
311f317a-89b6-496f-a528-7014320c9d31,2024-04-04,Movie purchase 520,57.29,Bills
0d7a84f0-7e47-4fd6-8412-8c08d5ca2325,2024-10-28,Clothes purchase 521,35.49,Entertainment
1a1a3508-1ee4-4aad-b7d3-eb3911327913,2024-09-09,Clothes purchase 522,171.35,Transport
c67624ca-dbd2-4783-9fdd-d898d05349ba,2024-08-29,Coffee purchase 523,14.07,Food
32b0d2a5-558d-4f6d-9dd7-0abb7306620e,2024-02-04,Coffee purchase 524,125.84,Food
bc5a7184-c632-4a76-9b11-41b17cb86b0d,2024-08-02,Electricity purchase 525,114.59,Shopping
844d827e-7543-4357-840d-0c5c5226c5c3,2024-12-02,Clothes purchase 526,72.45,Bills
6c128098-dc7a-4cca-9f45-d4b0a56a4377,2024-03-30,Bus purchase 527,66.46,Shopping
f43d6353-0ded-4fd5-8eb0-16aad75eef8a,2024-09-20,Movie purchase 528,155.51,Shopping
dd1c9036-4fa7-4841-878f-d608b854cab3,2024-04-02,Coffee purchase 529,21.85,Shopping
9884dce8-c4f0-45de-9d30-402e18486762,2024-03-30,Movie purchase 530,51.17,Food
33385680-79c8-4e45-bd0c-58dbf918b6f5,2024-04-24,Movie purchase 531,147.83,Food
a1fd6f8b-d0f0-4e58-b287-26d0e54f8b11,2024-04-14,Electricity purchase 532,111.92,Shopping
9c4cf512-1f97-4dca-8481-c8f1314e1e77,2024-07-14,Clothes purchase 533,29.96,Food
f4214062-bea7-4e70-a81e-c66683fb4ee5,2024-11-09,Coffee purchase 534,177.02,Bills
ee30b3be-e70f-4652-b7ff-9ac5d6defeb2,2024-04-23,Movie purchase 535,81.72,Shopping
1efeaad0-00ea-41bf-a2ab-dce83184724e,2024-03-15,Coffee purchase 536,166.43,Food
9a0a66e3-2e86-415f-99f9-90f6231a872c,2024-08-04,Bus purchase 537,158.6,Transport
31d6ef91-7037-4bf4-8dd8-afe614a5d61b,2024-10-03,Electricity purchase 538,126.76,Shopping
8d1348d5-dcfe-4c02-95e8-fe493cfe9a22,2024-09-05,Bus purchase 539,101.42,Shopping
ccae64c2-9e9b-4b9e-87a4-240ab5c7063a,2024-06-12,Coffee purchase 540,196.01,Bills
38a18cfe-a924-49fe-8c28-5610d1392661,2024-12-22,Coffee purchase 541,33.27,Entertainment
31c17960-2bb2-4a79-8866-ed11d602938c,2024-07-10,Clothes purchase 542,146.41,Entertainment
42471630-458c-42b3-8dcb-175e8c2a611f,2024-08-14,Movie purchase 543,42.28,Bills
83865df6-6a85-437b-9b5b-69caee92c101,2024-06-25,Movie purchase 544,70.96,Bills
e0e3c167-6048-469b-8d0a-a4b378f1696b,2024-04-08,Bus purchase 545,65.2,Bills
11354af1-4055-4c82-9664-51a9e3f42fe0,2024-02-05,Electricity purchase 546,189.67,Entertainment
f7c66ebe-bd97-441d-beee-c0b891181251,2024-04-05,Movie purchase 547,193.63,Bills
d63183da-16fd-4c57-8132-bd20a4755496,2024-05-31,Clothes purchase 548,40.69,Food
05394004-4d16-4344-913e-09538e5332f6,2024-05-30,Bus purchase 549,9.3,Shopping
9e6e161e-3a0a-46be-8c2b-c8d353245614,2024-07-08,Bus purchase 550,145.4,Shopping
585263f6-311a-40e5-8b81-1daea68deab9,2024-08-11,Clothes purchase 551,86.51,Transport
63824f93-701e-4739-ba08-959d9e6b8e71,2024-02-06,Electricity purchase 552,22.32,Transport
d2dc0c86-8a3d-4c16-8711-a49a8663bdd2,2024-09-24,Clothes purchase 553,138.33,Shopping
309ced90-b82e-421e-888f-af5fe6e8a40b,2024-07-01,Electricity purchase 554,111.3,Food
bdb13211-23cc-4c7e-b6dc-75358eeb3cfe,2024-01-13,Clothes purchase 555,196.2,Entertainment
ee7aea13-0c15-4802-a96d-9c144287c3bf,2024-10-05,Clothes purchase 556,49.34,Entertainment
dfa6e938-c713-4482-81b6-2ed66aac509b,2024-08-04,Coffee purchase 557,83.78,Food
f2a6a531-2d00-4e13-8813-d7e2db15a316,2024-12-20,Bus purchase 558,110.8,Entertainment
637b8943-69b4-4feb-b946-685f52c84612,2024-12-26,Clothes purchase 559,159.38,Bills
912a04f9-0661-4862-bc4b-9407de219d6c,2024-10-12,Clothes purchase 560,112.02,Shopping
7c0d60d3-d478-43c5-b546-0cb8acccf0f3,2024-09-29,Movie purchase 561,124.52,Shopping
a54d8667-5b05-4620-8906-65e7d9c5a87f,2024-03-02,Bus purchase 562,49.1,Food
f6421d62-f17e-4a0e-9f9d-233560ddd411,2024-03-24,Movie purchase 563,170.15,Entertainment
60291b41-9afb-46d1-bc7a-599c48f599db,2024-08-04,Bus purchase 564,88.58,Transport
08b6132d-6b8f-4d08-98c1-028b09f4eb77,2024-12-07,Movie purchase 565,32.49,Transport
79b4b135-12ba-4ffb-9052-f484b125c531,2024-07-05,Clothes purchase 566,134.52,Entertainment
17443e4d-572a-41bd-84e6-e51bd583e637,2024-01-19,Clothes purchase 567,47.14,Transport
a1775c8a-ba33-42d8-8825-3bb6f11464d9,2024-06-25,Coffee purchase 568,24.02,Food
05e7dba3-b62a-4826-a95c-8a43eda911f6,2024-04-09,Movie purchase 569,173.09,Food
a7c90faa-ba75-4ab8-af65-4ef7cb436f40,2024-08-20,Electricity purchase 570,94.73,Entertainment
de927811-9032-483d-aa63-f35fb3954ac3,2024-03-16,Coffee purchase 571,151.11,Transport
6e040041-b68e-4426-adb7-38753aa6f8dd,2024-09-21,Movie purchase 572,61.66,Food
a27ef70a-009c-4525-8034-35675ec95fda,2024-10-10,Movie purchase 573,158.46,Food
134cb1f0-a51d-4e58-8250-2333555689e8,2024-07-24,Coffee purchase 574,26.83,Bills
ce2b5b6d-4e93-4979-9eff-56ec324b61da,2024-08-10,Clothes purchase 575,74.41,Bills
9f3dfc3e-1a11-478d-b0b7-a64ec272489e,2024-02-21,Movie purchase 576,195.72,Food
fc081fd4-badc-4254-a2da-4a610c0676d5,2024-12-04,Clothes purchase 577,159.83,Entertainment
11729287-1d8d-4586-99cf-71b5bb7f8c1c,2024-05-23,Coffee purchase 578,101.96,Shopping
621b3b55-c808-4afc-b0af-f32783bb8beb,2024-03-09,Clothes purchase 579,71.26,Shopping
db3a590e-68d8-4601-be83-c7f0c566cdcf,2024-04-08,Bus purchase 580,175.07,Food
0fba08bb-3355-432f-b0bd-90a64786fbf7,2024-01-25,Electricity purchase 581,111.25,Food
85d175e1-17be-415b-b704-e7524815537d,2024-02-22,Movie purchase 582,152.89,Food
c30c1425-7269-41a1-b165-901d29981420,2024-05-30,Electricity purchase 583,152.05,Entertainment
b9336394-2f83-45ea-9103-9bb5cbcb6da3,2024-05-23,Clothes purchase 584,8.5,Bills
344e3eb5-dae2-4722-9ecf-14e3fbf47d55,2024-02-26,Movie purchase 585,29.62,Food
39e7001b-7f50-49f0-a390-159f5cd5245f,2024-02-08,Clothes purchase 586,133.63,Food
81809323-e81b-490c-a6af-27fc56d0911f,2024-04-18,Bus purchase 587,36.52,Transport
1c4c11ea-975c-4757-9893-f79889a8bf93,2024-06-29,Coffee purchase 588,54.82,Entertainment
5ac6e696-498b-4c81-b7ff-ed4cd2decd37,2024-02-11,Movie purchase 589,189.59,Food
96176927-b02c-4d2f-b35d-0eeaae8e56a7,2024-07-04,Bus purchase 590,114.24,Transport
eeadbfc9-d8e5-466d-b2f7-60a9da1e7a56,2024-08-10,Bus purchase 591,151.39,Shopping
08db2c0d-a97a-44c4-82d6-6ed97de80196,2024-05-01,Movie purchase 592,113.81,Food
8f22dbee-50ef-4a59-9d30-8fa114eb6f43,2024-05-12,Clothes purchase 593,112.74,Food
6d6c672f-0451-4a57-87d4-021519ba93e9,2024-06-11,Bus purchase 594,23.36,Transport
458b02d6-0967-4fd2-9f6c-f8bb711777cd,2024-08-02,Electricity purchase 595,72.01,Entertainment
fe958c17-771e-485f-9f51-2696270c55cd,2024-08-08,Bus purchase 596,60.07,Food
31185247-ee6c-4915-a88b-46c0270b0e5a,2024-08-22,Clothes purchase 597,81.19,Shopping
cbb19e34-9c25-4988-b182-ce74c4cfdd59,2024-11-26,Clothes purchase 598,160.68,Food
ae548722-9322-4251-a47a-dd67cad95187,2024-05-25,Electricity purchase 599,77.53,Shopping
805326fb-75dc-456b-bfcc-cbeabea17152,2024-08-26,Bus purchase 600,93.08,Bills
78886e4b-bb89-4c01-ae32-7879026df54e,2024-03-16,Clothes purchase 601,82.49,Bills
f2e5a45c-102f-4de9-84dd-a741a7608d18,2024-01-09,Movie purchase 602,23.21,Shopping
c00623d1-2350-4f56-b09b-292a54e1caac,2024-03-14,Coffee purchase 603,91.01,Entertainment
631b64d9-73d0-4cd8-a311-a79dd4c38be0,2024-09-09,Coffee purchase 604,43.14,Food
07395cab-da5f-43ed-8b49-26ae44461260,2024-08-17,Coffee purchase 605,41.41,Food
e6e04869-0f28-441f-8f42-90808413456f,2024-01-07,Bus purchase 606,23.34,Bills
ef9c7fba-767f-4f37-8a3d-39a8d66f100f,2024-06-22,Electricity purchase 607,74.55,Shopping
c2f23818-070a-4ea9-a450-4f314320c48b,2024-05-20,Clothes purchase 608,152.71,Food
3afa1843-b8b1-403a-9275-a0bce1ed0593,2024-06-16,Movie purchase 609,58.91,Food
889d07f5-11da-4cfc-bb45-0fd5e2da3577,2024-06-18,Movie purchase 610,65.91,Entertainment
31dba56d-5e49-419a-9370-35e3fbf590f9,2024-10-09,Bus purchase 611,130.32,Transport
90620010-3b3b-43c4-96ce-d57332ef5301,2024-05-01,Coffee purchase 612,43.19,Bills
b1a0174d-7686-401f-8526-e3914c096db4,2024-07-12,Bus purchase 613,179.91,Bills
ab8a1453-8c29-4a0b-b8f9-4559ba0fb5be,2024-01-05,Electricity purchase 614,106.44,Transport
76320399-ffd1-4b39-b945-3ad1e1ecbd3b,2024-01-29,Electricity purchase 615,92.28,Food
e0db0c71-51c7-4ea3-8468-68b760b915c1,2024-06-13,Clothes purchase 616,113.77,Entertainment
c4133c84-062c-463b-b833-68a8b1d0ccd6,2024-12-04,Clothes purchase 617,37.38,Entertainment
61df93e3-cf59-47fe-9f34-df88d136d893,2024-05-15,Electricity purchase 618,124.63,Bills
511806d5-5e5c-4e8b-891e-35f80562a3ed,2024-12-30,Electricity purchase 619,75.8,Entertainment
80630076-ad0b-43dc-a942-d87799349137,2024-11-16,Electricity purchase 620,179.95,Transport
7d22226e-1cea-460d-ad64-a159dea17917,2024-12-07,Bus purchase 621,37.93,Food
ec121b3f-cc04-4c24-a1b4-5fb2cdc0cab0,2024-05-24,Electricity purchase 622,103.87,Transport
00891980-f8a8-4679-98af-e6627a88b4e5,2024-11-22,Movie purchase 623,121.63,Shopping
f93832fa-b6db-47c5-928a-62741180a89a,2024-08-04,Coffee purchase 624,11.51,Bills
ff50b281-cf12-4b46-ab2c-aa0d463cd961,2024-10-27,Electricity purchase 625,75.92,Entertainment
abff3848-3f52-4ac4-897f-b16e55c0943b,2024-05-11,Coffee purchase 626,147.86,Shopping
3a4b54b7-a502-4229-960f-65ffad9a53e1,2024-10-18,Bus purchase 627,164.97,Entertainment
a0ddab10-76ef-40dd-9550-96cf300e9cab,2024-03-10,Coffee purchase 628,66.07,Food
cbc54315-e3cd-4ceb-9e41-dca68421321b,2024-09-08,Bus purchase 629,160.73,Food
a353fa12-cdad-4acf-86b4-10dc9f06b568,2024-10-01,Movie purchase 630,193.71,Food
ec5ace81-006a-496e-ace2-9c36e01c8d81,2024-12-29,Bus purchase 631,172.09,Entertainment
6df7ace4-f7fa-4ec3-ae71-c098d4733433,2024-06-30,Bus purchase 632,27.94,Shopping
4c07f669-5eae-424c-89d7-b53b4416c7b5,2024-06-15,Clothes purchase 633,149.25,Food
5a4ec87f-2433-4477-86ed-82987eb25848,2024-03-31,Electricity purchase 634,67.34,Shopping
fbbd7c1c-8014-4cb1-a49c-7b5122a09e90,2024-07-20,Electricity purchase 635,197.74,Entertainment
bcaab9ff-3025-48c5-86b6-26db47e26e3e,2024-12-11,Movie purchase 636,99.65,Shopping
d06451a8-abd3-44de-9a6d-78f7d90456ff,2024-01-19,Movie purchase 637,28.87,Entertainment
5b575b5d-16ae-4ce0-9233-e3d618ef966f,2024-02-08,Electricity purchase 638,146.41,Entertainment
56be29b2-bebf-40da-b85c-32517bc14848,2024-05-05,Clothes purchase 639,67.99,Bills
d504eaa0-21e5-48d9-a4ba-6249f1870282,2024-06-21,Electricity purchase 640,199.43,Entertainment
cd15563a-a138-4f80-b8b5-7e72959b7e9f,2024-05-20,Clothes purchase 641,196.06,Entertainment
e6521166-677f-4d48-bf13-3edc58100389,2024-08-29,Movie purchase 642,132.95,Transport
3f93622b-8e43-47e3-a97e-251eb2e451ab,2024-08-07,Coffee purchase 643,30.32,Food
c2e3b720-3886-4b2f-9a59-a81a38a6acb4,2024-05-05,Movie purchase 644,138.94,Bills
67fc09f9-44bd-48af-bec5-115696ac87ec,2024-02-27,Movie purchase 645,23.14,Bills
947682c7-95b5-4340-aefe-8dbadaddbb4f,2024-05-27,Bus purchase 646,10.73,Bills
34b6683a-839d-45d2-a460-8a1ec0b1b337,2024-11-12,Bus purchase 647,165.48,Transport
bd184387-e178-4e73-9c84-1f854870720d,2024-12-26,Bus purchase 648,45.9,Entertainment
cdb0141d-0aaf-4aa3-9f17-60d5416fce76,2024-01-01,Bus purchase 649,78.91,Food
1f00f7a3-9478-43ce-b46b-1dc8e3bf3751,2024-12-13,Clothes purchase 650,194.82,Shopping
ec2e3329-ba1b-4b13-89c3-05a139dacd82,2024-07-08,Electricity purchase 651,70.68,Entertainment
f51a52f3-c98d-4aed-a8a9-376e51868d69,2024-07-09,Coffee purchase 652,62.82,Transport
e0be2b6a-a406-4bb1-ad3b-ebdf37473803,2024-11-07,Movie purchase 653,184.05,Entertainment
bfb64b43-b540-47f8-ab5c-6bb3983f2c53,2024-04-26,Clothes purchase 654,26.6,Entertainment
25df8583-5d39-41e8-99c2-dcd2e8b44327,2024-05-13,Coffee purchase 655,153.12,Transport
07bd8fb4-1217-4cf9-92da-454e68826df8,2024-02-27,Clothes purchase 656,197.67,Bills
b9927f5b-1767-4c13-8809-e7948e7e7e90,2024-02-13,Clothes purchase 657,180.75,Bills
4ce41a52-1e57-4f2c-ab3a-d4bc5d9043af,2024-06-21,Movie purchase 658,132.08,Food
cde44a09-e021-4560-8c03-c7c24b065301,2024-06-08,Electricity purchase 659,66.24,Food
3f5fbbf0-f58c-4afe-800f-9ab2d94276bd,2024-06-21,Bus purchase 660,54.59,Bills
96ad4d75-07f1-4b8f-9d1e-8569e66affe6,2024-11-12,Electricity purchase 661,164.75,Shopping
f13e9373-e62b-4518-a27d-bd848b4c60e5,2024-10-29,Movie purchase 662,176.57,Entertainment
a7790447-65b4-46b1-959e-b0692f9f501a,2024-05-28,Movie purchase 663,107.46,Shopping
91fdc77d-e738-46a3-9597-22a423f502f1,2024-03-20,Movie purchase 664,52.65,Entertainment
13e4bdf4-ec9c-4130-abff-c73e19ebf653,2024-07-31,Coffee purchase 665,27.02,Bills
e22eb032-b43d-4fed-a2f9-ae3aa547a96b,2024-07-21,Electricity purchase 666,22.0,Food
96504d60-5f2c-4fb9-b86f-d147c36ce99f,2024-09-08,Electricity purchase 667,145.22,Food
d39a7330-85d4-44f2-ad90-71a608365cce,2024-08-16,Clothes purchase 668,86.92,Shopping
0d76e4d3-27a9-4d50-959d-8c601c6de4f6,2024-06-12,Clothes purchase 669,181.55,Food
a9b0582c-1bc4-4875-9459-b9117f51415d,2024-08-14,Clothes purchase 670,149.24,Bills
08e09201-23fe-4bf1-8c8b-df31eef5a6a3,2024-05-26,Movie purchase 671,42.3,Shopping
680cd972-aea0-4480-8d6a-fed6e135c272,2024-01-20,Electricity purchase 672,124.69,Entertainment
6eb7628e-14fa-44e1-a924-de7a2525fff5,2024-02-16,Movie purchase 673,89.92,Food
f13f9db8-1354-4e11-a887-edb371f10039,2024-08-20,Coffee purchase 674,117.56,Transport
ab743249-9bf2-40e4-8746-ff155e21df44,2024-10-31,Clothes purchase 675,148.92,Food
851d7bb1-cc0b-42be-bff5-85256e62b96f,2024-01-14,Movie purchase 676,162.21,Entertainment
b5552de5-0a54-4307-934a-882933e6af52,2024-05-22,Movie purchase 677,169.53,Shopping
2641fbe1-e085-46ec-8ef5-d8b2579c42d4,2024-01-01,Coffee purchase 678,54.53,Entertainment
d2bc62be-986c-476e-923f-1043644150d7,2024-02-23,Bus purchase 679,11.07,Transport
ffae2d44-9013-4425-9b84-53a1758feb7d,2024-09-15,Electricity purchase 680,149.16,Bills
755c367a-ab5d-4746-88c5-61a2344a5027,2024-05-23,Bus purchase 681,25.74,Food
563d199a-a640-46f3-bdf0-3044a83c18e2,2024-01-12,Clothes purchase 682,66.41,Shopping
1d71b6fa-6dbf-4a01-bdaf-953caceb3056,2024-11-25,Movie purchase 683,5.74,Bills
d0eed4b8-1bce-43af-9463-77a275c8bcc7,2024-08-11,Coffee purchase 684,137.93,Entertainment
8959a47f-e88d-418b-8961-705b95b73fa6,2024-09-28,Coffee purchase 685,37.59,Shopping
52b64191-9f87-466f-9d91-d543ac87ca24,2024-12-23,Electricity purchase 686,132.78,Bills
4606a481-c86c-45f1-923d-52cb0d31ec86,2024-06-04,Bus purchase 687,198.39,Shopping
ca7cd75c-e65b-44f7-98f9-5e69f3344af3,2024-01-08,Electricity purchase 688,19.17,Transport
4f5142dc-1f09-4dd7-befc-faeabd5b7e70,2024-05-01,Movie purchase 689,20.03,Transport
519732bc-0cba-42a8-994c-10c7572c41af,2024-12-13,Electricity purchase 690,71.37,Food
a7c1ece6-8fa0-4ec4-8420-94b3e9d81a43,2024-06-12,Coffee purchase 691,173.95,Food
a8fc780b-119b-4410-a6b4-8e3794163751,2024-03-30,Coffee purchase 692,47.03,Transport
48ea7ba0-6909-4738-bdbe-c38b803e0802,2024-05-15,Clothes purchase 693,75.27,Shopping
bb757fc3-ec9e-4a52-a3ce-077ca41d3d19,2024-07-04,Clothes purchase 694,18.36,Transport
0081b58f-0f94-4da2-a82d-08d0961f9930,2024-11-11,Movie purchase 695,153.82,Food
77b4a592-015e-42d9-b8ab-8bf93f680f45,2024-06-26,Bus purchase 696,84.62,Transport
5ce28ece-8ac5-4431-afff-57ee32a20118,2024-01-28,Electricity purchase 697,153.05,Transport
f1a87194-ee2a-4835-a02e-7a71c78b2a86,2024-08-07,Movie purchase 698,181.2,Shopping
c08f09de-202a-4fe5-b34c-e559fabf5568,2024-12-22,Clothes purchase 699,50.39,Bills
8eaeaa38-25a8-4931-b589-b27bbcf7c218,2024-02-10,Electricity purchase 700,162.44,Food
1229d701-03e0-4ee3-8c9a-69558f683fe1,2024-08-15,Clothes purchase 701,16.52,Shopping
1390a96b-aae8-485d-a9fb-805c5e5163a2,2024-07-10,Electricity purchase 702,180.28,Transport
0a6b49d8-d98b-47da-9e94-4ab1fbceeaaa,2024-05-24,Bus purchase 703,131.9,Transport
1dac4a05-1387-4aab-9ff3-eb6f71725629,2024-07-19,Movie purchase 704,175.47,Bills
5cf5f100-aa76-49cb-8b68-33adac470463,2024-07-30,Electricity purchase 705,5.04,Food
4294e059-14de-47c3-b78f-b3e473ae7fe0,2024-08-07,Coffee purchase 706,37.97,Food
7842c8bb-71a0-441e-8786-74ad93c94514,2024-08-27,Coffee purchase 707,81.0,Entertainment
a5ae754d-5643-4a2d-a224-b663cea08876,2024-02-15,Electricity purchase 708,79.0,Food
77e010f3-7e89-4318-8230-92077746eb49,2024-02-04,Electricity purchase 709,49.21,Bills
b6fdea5f-e5ea-4d62-9def-a624a86951e9,2024-09-09,Electricity purchase 710,79.41,Entertainment
64dbd398-ae27-4972-986a-331d9f78e393,2024-03-22,Coffee purchase 711,30.13,Entertainment
b180de1e-533b-479b-afa8-2b363a9e5238,2024-09-12,Coffee purchase 712,85.49,Transport
5ab7f1cc-b787-48e4-8857-7ce1b11b07cf,2024-07-15,Electricity purchase 713,161.46,Transport
c16466f5-ba7b-4677-a3db-e908d3ace2a5,2024-10-29,Clothes purchase 714,98.42,Food
d72693da-7a57-4cb1-90aa-5d05247f4de2,2024-01-10,Clothes purchase 715,8.51,Entertainment
35010877-fe35-4ae1-8b83-ecb430cc1e52,2024-11-07,Bus purchase 716,87.18,Transport
3f2f1965-6379-4a7c-b424-26edd9ad5f37,2024-10-12,Movie purchase 717,10.3,Bills
83e1970d-f36e-43fa-bed1-7d11ba7a11e9,2024-08-29,Clothes purchase 718,193.42,Transport
93eb5a86-ba6f-47ab-8397-27fcf154a85b,2024-09-07,Coffee purchase 719,29.85,Transport
06e37d2d-91b4-4fd6-aced-f10b4c0c24ba,2024-12-30,Clothes purchase 720,143.0,Entertainment
32884dfa-54de-4626-a789-7eb180f43d8d,2024-01-05,Bus purchase 721,194.69,Entertainment
ad6b6765-ac8e-4b26-9ba7-db67547f952d,2024-04-28,Bus purchase 722,166.08,Shopping
ad9838be-929e-416a-a2a8-03f10c673299,2024-10-15,Movie purchase 723,141.37,Bills
37dbacf9-c5b6-47f0-a718-f340b57ffd9f,2024-03-05,Clothes purchase 724,168.69,Entertainment
e74b9bb1-787a-43e6-adae-bb3ea792479f,2024-05-25,Coffee purchase 725,196.45,Food
ff4e6e58-148a-4db3-9e51-86b27c534d3f,2024-08-11,Coffee purchase 726,126.16,Bills
03e28b1b-307e-4cb9-9f18-5805ca453826,2024-08-26,Electricity purchase 727,114.04,Bills
0ebadb86-dede-4069-b673-432d9e9cd3df,2024-06-25,Coffee purchase 728,127.51,Entertainment
e6f9d355-0afb-4de9-b631-8674c0b40605,2024-09-23,Movie purchase 729,108.87,Bills
191fdacb-28b2-4797-8fea-3e958c383f0e,2024-12-06,Movie purchase 730,128.84,Entertainment
38964e21-64b4-46a0-82fe-17e80965356a,2024-10-08,Coffee purchase 731,92.72,Transport
b60e6da1-f572-4324-8948-974087e0421a,2024-03-03,Coffee purchase 732,47.6,Shopping
3278c614-a162-414a-b587-53636c851ab4,2024-08-04,Electricity purchase 733,28.45,Transport
737ca5fc-b5d9-455b-a28d-4bd1b6b44442,2024-12-07,Coffee purchase 734,18.33,Entertainment
bb1b7f92-5cab-43e2-a6c5-e7502dc7bfd6,2024-11-10,Electricity purchase 735,56.35,Entertainment
8c68582b-5ea6-41f0-a165-44ce14dc89de,2024-10-09,Electricity purchase 736,13.99,Transport
3d9919bb-df0a-4a8b-abcf-49892a06e55e,2024-06-25,Coffee purchase 737,115.6,Food
b83fa9cf-6957-4185-af24-521ba76cb5a4,2024-04-07,Bus purchase 738,60.35,Food
0355b6f8-3829-4d8c-a5b0-58ec31355848,2024-04-14,Bus purchase 739,165.78,Food
2be167bc-e6e5-4837-9312-fad464c39894,2024-04-08,Electricity purchase 740,19.48,Entertainment
e89f7235-daad-4506-ae9a-2d75727543c3,2024-11-06,Coffee purchase 741,49.14,Bills
7d71bb21-936f-4526-aff5-742dfcaa05ef,2024-01-06,Bus purchase 742,147.4,Entertainment
98f68dd6-1226-4e72-aa3c-8e015806d0e1,2024-07-15,Coffee purchase 743,121.77,Bills
6a97c2fb-a84a-4951-afbb-e6613b37999d,2024-12-16,Coffee purchase 744,17.58,Transport
9f2a6c9f-cef8-43b4-9071-88b4d9a56649,2024-05-12,Coffee purchase 745,176.06,Shopping
c99c553c-ed3b-4666-bba7-d091b3997ffd,2024-12-23,Clothes purchase 746,176.07,Bills
c0c473c0-626c-4188-ba75-6f0410ac4063,2024-09-15,Coffee purchase 747,69.43,Food
13b1f065-d624-43f1-80c1-ed4e0c71d75c,2024-01-23,Clothes purchase 748,71.38,Entertainment
90244612-5756-4e74-96cf-470a4d2a6268,2024-02-22,Electricity purchase 749,197.86,Transport
dafb7770-ff54-4ee3-829b-e7a5366878a2,2024-06-13,Bus purchase 750,127.1,Food
75485bde-9890-4371-9246-5ba012d65699,2024-07-20,Bus purchase 751,108.61,Transport
0757796f-c726-46bc-bcb4-7927600d2546,2024-03-23,Bus purchase 752,168.44,Shopping
19c733f3-2d62-41f4-8f61-248945209d6a,2024-05-24,Bus purchase 753,60.63,Entertainment
b0f82a9f-25b7-45f4-b3b0-b4c4f8852a3e,2024-03-25,Bus purchase 754,88.69,Entertainment
d912c69c-fff8-4e25-a339-546e5d499ee0,2024-03-18,Bus purchase 755,57.22,Shopping
0685a1db-1ad1-41b6-8367-43915f62880d,2024-12-31,Bus purchase 756,158.89,Entertainment
3cef591e-ea9e-4faf-a092-3b5ac14610b1,2024-01-01,Electricity purchase 757,116.8,Bills
ed2b07d6-8f76-4c5f-98d5-0c646b92ffbf,2024-02-20,Coffee purchase 758,133.47,Transport
f43a8a18-6636-4a60-a960-7be3c1a2db74,2024-06-21,Movie purchase 759,54.2,Food
49d09021-c17e-4026-b6d4-f5643559f0e8,2024-07-23,Clothes purchase 760,47.94,Shopping
376aa7eb-e7ab-4e0c-8809-c64245b16e2a,2024-09-16,Movie purchase 761,100.23,Bills
ca9f0c3f-c536-46dc-a7e5-a44bb5d723c7,2024-10-14,Movie purchase 762,148.83,Food
a4bc6f36-efbc-4f50-a427-15eda1555bf8,2024-02-03,Coffee purchase 763,107.42,Food
92567121-7d4b-4517-82a9-4be742f74c0f,2024-12-13,Coffee purchase 764,11.37,Shopping
54266760-a6ab-466e-8b88-656f3ee2dd37,2024-04-04,Coffee purchase 765,174.37,Bills
dc91643d-17ab-4a78-bf93-3f5ce2b43529,2024-03-12,Bus purchase 766,17.61,Food
99e393a1-f3c3-437b-8e7b-a6e1a8bb6485,2024-02-08,Electricity purchase 767,191.39,Food
e1553e16-9f3e-4571-807f-07b933a59447,2024-06-02,Bus purchase 768,9.9,Bills
9340ceab-37ca-465e-aac7-7ff6ca3bedc0,2024-09-06,Electricity purchase 769,140.42,Entertainment
e2504823-49a3-4454-9a6e-9dfa06fd8953,2024-06-10,Electricity purchase 770,21.03,Food
964b6a07-136b-415d-99de-4ada9a50c631,2024-04-27,Movie purchase 771,182.58,Transport
a6e9f64d-e4cd-43b7-90cf-6074abc20363,2024-09-15,Movie purchase 772,95.56,Bills
b3e8b160-619a-4675-b1d0-dc9d243cf15e,2024-11-01,Electricity purchase 773,31.82,Food
8c4c8b8c-593c-4c26-bf5b-c775d6e32a2c,2024-09-24,Electricity purchase 774,71.46,Shopping
9a1b2c1b-2cc6-4712-8121-8f777dcf6365,2024-02-23,Bus purchase 775,37.14,Transport
43d77aaf-b637-4225-931e-56196a5bdf27,2024-08-23,Bus purchase 776,38.26,Food
af8dad29-3f81-4028-9466-4e7d924ad414,2024-08-09,Movie purchase 777,189.88,Transport
3efdd836-2c8f-41f9-b383-ffa72826d4af,2024-09-07,Coffee purchase 778,91.82,Transport
1a816cbd-f656-41d9-bb8d-751ffe826688,2024-11-08,Electricity purchase 779,158.82,Entertainment
6a5e9470-492a-4dee-9035-3fd4e47dc7d8,2024-04-21,Bus purchase 780,129.72,Transport
74225296-a3e5-4ac1-9e2c-e0651ac23640,2024-09-11,Movie purchase 781,136.9,Entertainment
2e3a6c1f-bfac-4bde-8ba2-47880b199836,2024-10-29,Bus purchase 782,30.68,Bills
4c806507-d260-49f3-b88d-bd39857d969a,2024-07-25,Electricity purchase 783,50.67,Entertainment
71267d8d-1da4-4778-baac-2057ed7575ab,2024-08-16,Electricity purchase 784,158.42,Shopping
4ec6fc2a-1361-45a7-9973-17b2f4a2930a,2024-12-06,Clothes purchase 785,194.3,Food
253ebfa8-758b-478b-9688-48a21aff242f,2024-03-06,Coffee purchase 786,56.22,Bills
ff50fc91-de55-49d1-baf7-fd2de262c836,2024-03-15,Clothes purchase 787,57.96,Bills
35cf128f-87a6-4bea-9953-b9d69dcc7fe2,2024-04-12,Movie purchase 788,97.21,Shopping
c7894874-3711-47db-b331-6875e02dbf1d,2024-07-10,Bus purchase 789,196.85,Entertainment
d07149fa-7bdb-44aa-a329-6ac3559e5917,2024-09-08,Movie purchase 790,57.45,Food
1ff92292-b8aa-4422-b0ac-cf38e70b1652,2024-08-13,Electricity purchase 791,84.36,Entertainment
a2516fb4-00b4-45ca-95fc-e686ad361b26,2024-10-20,Clothes purchase 792,178.84,Transport
458d6fbe-5f61-4426-8db7-90b28d9b6df3,2024-11-01,Clothes purchase 793,5.57,Entertainment
5a0026d6-ddf2-4a5d-9563-c878efbfeb16,2024-04-07,Clothes purchase 794,12.75,Bills
3558377b-07f6-4121-bfb7-d6a28d5109da,2024-12-03,Movie purchase 795,122.79,Food
f04eb33b-a237-4e5f-9ed3-9dd326af70de,2024-10-12,Electricity purchase 796,181.94,Entertainment
14084e5b-51e8-4df9-8d70-3ee5d52c1e63,2024-11-30,Bus purchase 797,51.58,Food
baf6db3f-b9ba-42db-8a89-315a2e00a32e,2024-12-12,Bus purchase 798,96.58,Food
554fb209-be0c-423c-93fe-226c01fb404f,2024-11-03,Movie purchase 799,92.84,Transport
805039d0-9299-439b-b56a-303d1c5abcd6,2024-09-05,Clothes purchase 800,97.23,Transport
8882b8de-cda8-47d4-a02c-209b6587c5eb,2024-06-14,Coffee purchase 801,126.39,Bills
bb1cf35a-0552-46c2-8f3d-f3c12f8403a5,2024-11-30,Movie purchase 802,96.6,Shopping
ce13690c-ce95-4d9f-b702-9226d713f866,2024-01-30,Movie purchase 803,92.26,Food
ade3f546-d121-4f15-b551-38b5f4c4bc78,2024-09-03,Electricity purchase 804,97.49,Shopping
e0106225-a404-4c3b-b4c2-a72e98070e19,2024-04-15,Bus purchase 805,120.22,Bills
2f549560-3342-4142-ad69-9a2e540059e0,2024-02-20,Movie purchase 806,109.72,Food
aebc026e-8320-4588-b3b6-33899965b312,2024-03-21,Movie purchase 807,171.56,Food
b7460489-c64e-46cc-9146-47cd3afa61e9,2024-05-12,Clothes purchase 808,14.65,Shopping
bd649970-0d3a-4562-9091-9cb431a75dce,2024-10-11,Clothes purchase 809,167.5,Entertainment
3cd1ef14-fa5a-4e78-a9da-96715c8a3ab0,2024-05-17,Coffee purchase 810,169.57,Transport
71317d4d-8080-474b-8b9a-5f2b9864ab34,2024-07-02,Electricity purchase 811,60.56,Entertainment
187225e3-3247-4584-b753-b96f901c5ebe,2024-11-25,Coffee purchase 812,95.26,Shopping
4246b30a-7dbe-4c34-b144-65fde5c5df79,2024-09-29,Clothes purchase 813,90.52,Transport
fcccabc3-62aa-40d5-9bf4-e524c0e35bb8,2024-12-05,Bus purchase 814,47.61,Entertainment
76d03fc2-42d2-4329-875b-22c5f5fca33c,2024-03-09,Clothes purchase 815,82.38,Transport
5a2ca6d4-5241-40e2-84c7-5094e3b217d3,2024-02-03,Electricity purchase 816,13.66,Food
c646db04-9bb9-4945-888f-cee019219af9,2024-09-18,Clothes purchase 817,59.18,Entertainment
3b3c4476-0e2a-426d-8d35-d7e3e83a5a6e,2024-02-22,Electricity purchase 818,164.25,Transport
3aef0ddc-fafd-45fe-b7ad-810f4718161d,2024-07-23,Electricity purchase 819,60.49,Transport
4cec27e4-dab4-48b0-b3a0-e8f6f3c0cb32,2024-05-05,Electricity purchase 820,164.55,Transport
9908b1e8-d175-4fcd-b0ae-2742b0eeb12d,2024-08-22,Electricity purchase 821,108.66,Entertainment
ada656a5-d9bc-4f49-bdb4-db8cc1a11c6c,2024-02-12,Electricity purchase 822,176.57,Bills
eca4b785-a284-4b66-b44c-186e20419015,2024-08-27,Bus purchase 823,117.08,Entertainment
f8e526d3-1a60-4616-af73-c8e396c2be53,2024-04-20,Coffee purchase 824,10.79,Shopping
805c25f2-a8fb-444e-af34-78140143128b,2024-09-05,Movie purchase 825,136.71,Entertainment
f77d6156-decc-4491-8967-8b09ae6c5f7d,2024-05-30,Coffee purchase 826,13.75,Transport
24f082fc-7b95-4a31-be04-389c21150483,2024-07-01,Electricity purchase 827,92.87,Food
161372ed-bf29-47e4-ab19-50739f89297a,2024-12-01,Bus purchase 828,186.24,Entertainment
a73dc356-6191-496d-bd1a-4d942afc1f22,2024-04-04,Clothes purchase 829,37.21,Entertainment
cb653e68-697b-489d-bf32-86803bbcdc12,2024-01-08,Bus purchase 830,81.03,Transport
97023595-2d7b-4c4f-b8c2-f24b488de47f,2024-12-25,Electricity purchase 831,147.32,Food
3ff32f42-2bbe-46ae-9dee-05d75a823660,2024-07-02,Bus purchase 832,177.04,Food
bc48bde9-9b4a-4b39-bd80-65a1603a815c,2024-10-07,Bus purchase 833,135.83,Shopping
704b444c-5dcf-4f02-91fc-9d1b2d49014d,2024-07-13,Electricity purchase 834,55.34,Entertainment
b288e74c-3ae7-4e43-96ec-a4e1d319db9e,2024-12-17,Bus purchase 835,136.55,Food
ccbd399d-f025-4379-a34a-a6535116186c,2024-07-13,Movie purchase 836,62.86,Food
8ebf0101-5663-44c7-86f8-6be3a4e82c3b,2024-06-03,Movie purchase 837,145.09,Bills
3a443617-a4c0-4527-a801-b3c392fd6e10,2024-04-02,Bus purchase 838,191.04,Bills
51043fad-30d3-4d7a-965e-41eccb2522b2,2024-06-08,Clothes purchase 839,145.67,Food
9b296ffa-d702-4ff7-819d-346c48028b42,2024-03-01,Electricity purchase 840,173.26,Shopping
1238bd96-3352-499d-8c06-f460cb9a64ff,2024-05-01,Movie purchase 841,5.41,Food
907008a1-460d-4b29-83ac-6c9895d09ecc,2024-02-20,Clothes purchase 842,144.93,Transport
11ca28bf-4dd2-48af-a7c3-4cbaf002a717,2024-10-03,Bus purchase 843,166.77,Entertainment
34fe772e-8124-4835-b6ee-7956942f1aa5,2024-01-05,Clothes purchase 844,12.91,Shopping
6a434ce5-fa69-4b38-b171-ffda55a39567,2024-04-01,Coffee purchase 845,174.96,Transport
0b87287c-3f6d-482e-8b0a-5f42d546e725,2024-06-18,Movie purchase 846,55.06,Shopping
99898a78-fcb8-4d0f-ba63-188cec5ee1b8,2024-11-12,Bus purchase 847,134.73,Transport
ad68c46b-c768-43ec-9911-f1abab2e5c45,2024-01-22,Electricity purchase 848,161.07,Entertainment
fc7ae16f-a036-4395-96ab-e1a4645c84af,2024-11-21,Bus purchase 849,134.22,Entertainment
463e0d71-0596-4b54-bcb8-1e2aeb74de3f,2024-01-01,Electricity purchase 850,23.0,Bills
7dfae216-3de7-4d02-ab2e-8fdeeff12216,2024-05-12,Bus purchase 851,121.28,Transport
2a73630a-1003-4e22-81b5-a0a030794315,2024-08-20,Clothes purchase 852,112.17,Bills
873818ba-2ef2-4711-ae46-ac6f23500481,2024-01-12,Clothes purchase 853,180.56,Transport
b6fffcbc-1eb4-4ce1-8af0-08734159824f,2024-12-11,Clothes purchase 854,83.83,Bills
bd55d3d1-3c83-4380-940c-372c420a00cb,2024-02-15,Coffee purchase 855,67.61,Entertainment
8c231e4a-e943-4eb5-a142-14140dfd7539,2024-02-03,Electricity purchase 856,151.22,Shopping
72a95365-666f-45ea-adfa-d62b0e1abc22,2024-03-18,Clothes purchase 857,85.47,Bills
5587d940-0f64-4e55-a710-9c8e3a3b4bcd,2024-08-05,Coffee purchase 858,130.99,Transport
f436639a-1d33-40cf-8aad-41488a3f6081,2024-10-27,Electricity purchase 859,131.06,Transport
f26b9641-faad-4da1-8737-0fd63b7fcf6b,2024-03-13,Bus purchase 860,178.17,Entertainment
eeb73788-f200-4a20-8b4a-28bb290a07aa,2024-10-08,Coffee purchase 861,121.75,Transport
f8220443-cdda-464d-afb0-15c2e5a7be83,2024-09-05,Movie purchase 862,102.92,Food
a591f775-ab5b-498f-bf52-cd00575c79ec,2024-02-16,Coffee purchase 863,32.08,Shopping
01de7b70-ff3a-4c51-acaa-9730ed3efcd4,2024-04-30,Coffee purchase 864,27.57,Bills
b955d256-274b-4ec0-9fd5-422923da33e3,2024-08-01,Electricity purchase 865,35.09,Shopping
b9b4fbc7-1492-4917-8aae-b99650facbff,2024-08-26,Bus purchase 866,38.51,Entertainment
1625bdd4-9e31-493a-a37e-b4d8939b025a,2024-02-25,Movie purchase 867,129.39,Bills
24e4592b-ad4e-4380-a48b-aec4f01e688b,2024-12-15,Clothes purchase 868,149.49,Bills
f0ba983a-8506-4218-8440-f2f81cae8fa2,2024-04-16,Clothes purchase 869,108.35,Food
2dc33222-88e2-4e36-9dd4-a20264cff007,2024-11-14,Coffee purchase 870,166.66,Entertainment
5869ea61-b576-487d-bc2c-cd673f0309c5,2024-02-17,Electricity purchase 871,198.3,Transport
76f89595-becf-405b-ba2a-c17e314eaf23,2024-03-01,Electricity purchase 872,164.9,Food
660e98c4-a425-46af-b817-61f3f1e381c3,2024-12-02,Clothes purchase 873,140.5,Food
e47cc097-d358-4857-b80c-8ceeb09368ab,2024-01-26,Movie purchase 874,108.84,Shopping
a1d8c53d-db8e-4e98-9968-b5dde5893ce1,2024-10-18,Bus purchase 875,92.53,Shopping
36097cf1-5c89-4582-bd50-84cfa7ec1efc,2024-09-13,Movie purchase 876,21.46,Shopping
9cf141e7-813e-4d73-b455-fb000d5fedd7,2024-01-08,Bus purchase 877,82.88,Food
11a2e6f5-3d66-442d-9d65-8475dfbab213,2024-04-22,Clothes purchase 878,182.48,Transport
a5b08c03-f7f8-4aaa-8237-8c7c60d138f6,2024-12-20,Bus purchase 879,162.56,Bills
a72700f9-2015-4d48-9902-a298809c9b8f,2024-09-09,Electricity purchase 880,47.13,Shopping
b4aad9dc-e0ab-45e3-b3c2-425d7e3bd7fe,2024-06-28,Coffee purchase 881,95.99,Transport
5caf5f4f-f1a0-41ea-ad57-ce8171cbf8b3,2024-07-25,Coffee purchase 882,164.26,Entertainment
c023d51a-1c04-4476-886b-0a303374b719,2024-10-29,Clothes purchase 883,18.14,Shopping
a84aeec1-83b1-4087-9d1d-c99e7b27cab4,2024-05-06,Electricity purchase 884,80.54,Bills
e783bc9a-d742-44b4-a863-c69e74cc4ae3,2024-02-25,Movie purchase 885,171.11,Entertainment
3822b059-1454-439f-aa84-45ae68588b9a,2024-08-01,Electricity purchase 886,83.76,Entertainment
efaa1458-e97a-47e1-be9e-f279f2690a99,2024-01-14,Coffee purchase 887,20.13,Bills
399db741-f6e9-4415-836f-bc2f31967b2c,2024-01-28,Coffee purchase 888,110.79,Shopping
574ce774-0a48-4e73-847c-c06667932093,2024-03-18,Electricity purchase 889,173.04,Food
d6537f56-cf9d-42fa-baca-119f29c684c3,2024-08-03,Electricity purchase 890,120.11,Bills
6bc4db9e-2ecf-4042-8bca-37c68ccf3329,2024-12-30,Coffee purchase 891,49.12,Bills
c491cb26-c800-4ea7-9b3b-4b32345f749c,2024-06-02,Movie purchase 892,79.93,Bills
be6ac090-1e65-4b7b-b354-9810b81e264c,2024-01-14,Clothes purchase 893,92.77,Entertainment
eacf822c-df2a-41dc-9da7-725a1460e671,2024-07-05,Clothes purchase 894,117.96,Transport
e6c01e4f-dace-4116-8f81-534c4789fc44,2024-11-07,Electricity purchase 895,153.07,Food
46490484-8a9d-4846-896d-c64b870a5dfd,2024-01-07,Clothes purchase 896,24.28,Shopping
1c03b834-33c8-4f41-ba73-42291d029314,2024-01-03,Coffee purchase 897,178.48,Shopping
19fe4340-5724-41ad-be09-e0e1bb744003,2024-04-20,Coffee purchase 898,7.4,Transport
1e1e9359-3bb3-487b-8844-84ff531205bd,2024-08-25,Electricity purchase 899,77.16,Bills
33eea53e-607b-4457-81ea-1a851084f7df,2024-12-28,Electricity purchase 900,10.35,Food
8afc0ed2-1da5-4dcb-99cf-b0162a58d919,2024-08-26,Electricity purchase 901,81.63,Shopping
bf725173-48d3-450c-9a64-4a2deb6e688a,2024-09-30,Movie purchase 902,107.53,Shopping
bfa704bd-88d2-4462-8f06-fccd84a595e9,2024-10-20,Clothes purchase 903,104.78,Bills
085fab39-60cd-4701-bef7-092b8997bdc6,2024-08-14,Electricity purchase 904,37.3,Transport
34e1d12a-0a11-4d65-b484-76b71397b9e6,2024-01-15,Bus purchase 905,130.92,Food
91932cfa-44ce-4325-b9a7-50034e4bbb29,2024-07-10,Bus purchase 906,13.73,Transport
f24e446f-188f-4095-9c92-5132f9b73bdb,2024-04-28,Coffee purchase 907,153.57,Transport
4761b721-1ba1-4cb3-b35c-99380fc54fb2,2024-01-28,Clothes purchase 908,189.6,Food
7b733fef-ed65-4d0a-b43b-3de4d82372aa,2024-07-20,Electricity purchase 909,71.25,Food
32019a82-0d79-48ae-96a6-11fcd4430981,2024-02-08,Bus purchase 910,105.86,Shopping
6d1765c2-18b1-49ae-a1cd-1d57f42603f8,2024-09-29,Clothes purchase 911,78.89,Shopping
fdbf5fa5-7e21-4df0-97da-05582e71ff83,2024-08-18,Coffee purchase 912,6.31,Food
29835dce-8c67-47ea-b771-82b9e3241e06,2024-03-26,Movie purchase 913,80.25,Entertainment
ab36e651-3026-465a-ac48-acce0c16abc1,2024-05-05,Clothes purchase 914,159.39,Shopping
466f90ab-bb11-4380-85f7-c8614d0be2ee,2024-10-26,Clothes purchase 915,121.22,Entertainment
bfd3872f-1ed4-4f5d-883b-40cbaf5ae6e5,2024-01-25,Movie purchase 916,24.75,Food
d61bfc71-72c7-407f-89b5-e4eb7ce86fb1,2024-05-24,Clothes purchase 917,170.19,Shopping
483dc36f-ae68-4559-a98d-0897616651ce,2024-01-13,Coffee purchase 918,108.56,Transport
bd2bbf1d-2623-44f2-a35c-dedce9e082cf,2024-07-30,Coffee purchase 919,169.14,Food
17bef31e-f63a-449a-89c1-4583b57c4d3a,2024-01-25,Movie purchase 920,118.14,Bills
5290cf99-ab0c-4545-b31f-39ca3ae47aa1,2024-03-08,Electricity purchase 921,114.14,Entertainment
966a0ffa-9ae3-4283-93bf-5ccd61fe1c42,2024-03-07,Bus purchase 922,25.53,Food
4045b416-bb88-4d4a-8d50-51e1f4d2cddc,2024-08-20,Electricity purchase 923,37.64,Food
63ad739d-f7c3-4909-98a0-bbf75ef73aa4,2024-04-18,Clothes purchase 924,194.54,Shopping
8849dfb4-6cba-420a-b14f-a135cbacd0df,2024-05-25,Bus purchase 925,49.55,Shopping
a33c4bc9-e31e-4892-abc8-bd6cc7a61903,2024-04-20,Movie purchase 926,195.6,Shopping
d13dfd88-3469-4028-ae82-f4363ff55a9e,2024-08-15,Movie purchase 927,108.72,Bills
e57c8e79-40d9-43ba-87ac-2c1f41ae3b92,2024-04-20,Bus purchase 928,31.48,Shopping
06712ac2-91dd-4303-9078-2521b73124e1,2024-02-03,Coffee purchase 929,24.36,Food
9f89c02f-06dd-42e3-8e2f-eaaeb548dcff,2024-04-20,Bus purchase 930,45.73,Shopping
a2a7f188-ee3e-4adf-a1a9-f9bfecca1702,2024-09-20,Clothes purchase 931,185.5,Transport
9a15004d-a1ee-44dd-8964-c49fe14ca3c6,2024-08-23,Coffee purchase 932,85.76,Shopping
094370be-ebf9-400d-bd17-0bcf43f5fb66,2024-03-23,Movie purchase 933,82.11,Bills
8483c644-b2fa-4d93-8e2c-3d7d66dd5e12,2024-02-11,Bus purchase 934,66.08,Transport
87033d6b-a432-4b24-b570-952a9479fd83,2024-04-10,Electricity purchase 935,33.68,Food
1fc1cff8-f4bf-46c6-a878-1b9cba2e7aa0,2024-01-06,Electricity purchase 936,100.13,Food
d1094b7f-3605-4217-adcf-40a8664da0d3,2024-06-28,Clothes purchase 937,30.36,Entertainment
3b518a52-98a0-4b48-a663-eb21f4b81dbf,2024-10-08,Electricity purchase 938,167.92,Transport
5253c3f0-f1de-4a73-b3df-f50fcc110c50,2024-11-15,Bus purchase 939,77.23,Entertainment
334ecbe8-ba0c-455e-a3c9-8c845efce2dc,2024-08-13,Bus purchase 940,78.09,Transport
ed9edac7-7a6c-49a0-9349-498e1d3c014d,2024-11-10,Electricity purchase 941,97.43,Transport
30836e0f-bf3f-4131-9ca2-a9adf991ba4c,2024-12-30,Bus purchase 942,91.6,Bills
3b97488b-04a3-4ddb-b73c-552fca3a1287,2024-08-16,Clothes purchase 943,199.0,Entertainment
51aaaa85-1816-40c3-86dd-e5633e73b6f0,2024-10-15,Coffee purchase 944,111.35,Bills
dcae374a-7115-4aa0-941a-aab0fd712e25,2024-05-29,Clothes purchase 945,22.2,Transport
87d394cc-2441-4cd2-aeec-48045dc0a91e,2024-10-03,Clothes purchase 946,123.34,Food
9cf15743-3b02-4635-ae8d-5ac2bf91f189,2024-07-16,Bus purchase 947,34.56,Transport
17d98f93-760b-4590-b806-56c1657dd0d8,2024-03-10,Coffee purchase 948,11.03,Bills
40680709-2211-40d2-a20e-1ade96b59b37,2024-04-21,Bus purchase 949,194.29,Entertainment
ce4ed2f6-83dd-4766-ae6c-22d16baf4d33,2024-01-04,Movie purchase 950,155.84,Entertainment
f0fb1793-307b-4bee-a03f-0628e718e91a,2024-12-15,Bus purchase 951,196.12,Bills
360857f7-8d37-4ded-abea-968bd614f856,2024-11-26,Bus purchase 952,98.19,Entertainment
49f0942b-f97b-47e6-85eb-056fb67f163d,2024-11-13,Bus purchase 953,108.79,Shopping
1016a25d-3941-441d-9a0d-4c610e95b60d,2024-12-15,Coffee purchase 954,37.83,Food
d18dd08e-2287-45d7-b11f-99486c1af484,2024-04-04,Bus purchase 955,53.15,Food
34ee111e-4a63-4a63-9fba-e3e3987d00f6,2024-05-31,Coffee purchase 956,168.52,Food
490ea1eb-3d0b-47fa-b0aa-458e093656bd,2024-11-06,Electricity purchase 957,74.46,Entertainment
902a67d1-2c03-4210-847c-84aadd07679e,2024-05-16,Movie purchase 958,166.23,Entertainment
0b33b1e3-65b6-48a3-911f-569d5fc6bd75,2024-09-03,Coffee purchase 959,143.26,Transport
e161bb7e-9c49-44b9-a735-a047825daebf,2024-08-30,Electricity purchase 960,39.55,Transport
5a69b6d0-9152-4b51-b01a-67c5528aabc7,2024-01-31,Coffee purchase 961,103.95,Food
28ce26ae-afba-46be-8af3-ceef3dc02790,2024-02-09,Coffee purchase 962,137.09,Shopping
7f013b23-7da0-4351-b3e1-9ea113a44bf3,2024-08-16,Movie purchase 963,50.83,Transport
c0186746-caab-437c-9d0f-ac75429101df,2024-02-05,Clothes purchase 964,166.98,Transport
2ea811f2-b64e-4cca-bc3a-18cc388412cb,2024-08-10,Clothes purchase 965,111.24,Entertainment
48279ae7-2bc7-4768-9f52-d7b327a21056,2024-01-06,Coffee purchase 966,37.22,Shopping
df82ebe8-059d-43c3-882d-9a4f1516f111,2024-11-17,Bus purchase 967,118.68,Food
10519959-709c-4507-860f-2a24a132c3aa,2024-08-07,Electricity purchase 968,199.94,Transport
da3d1961-9653-4eee-98e3-6c08450d2129,2024-03-15,Bus purchase 969,34.35,Shopping
54d51dfd-a914-4e21-b234-ec7d174bdbee,2024-01-04,Bus purchase 970,164.27,Shopping
a249f48e-1730-4293-a762-f1182fe1454d,2024-11-30,Coffee purchase 971,45.43,Food
f3990c5c-a71c-4b56-b860-f24e85b125c7,2024-05-13,Coffee purchase 972,157.57,Shopping
6df3cca5-61d6-4ddf-b6e1-c2385e3cbb14,2024-04-27,Coffee purchase 973,148.24,Shopping
dff4dc91-f291-4a5c-93c0-0999dc4ffd34,2024-04-03,Coffee purchase 974,63.6,Shopping
bde21486-09f3-4fb9-884a-d2cdbba27ab2,2024-03-02,Clothes purchase 975,68.54,Transport
e79a6e5b-aa21-43b2-9385-e2fe5c3bfbca,2024-07-12,Coffee purchase 976,159.54,Food
22284b30-1e56-4da3-8256-b1604d987c8d,2024-11-30,Clothes purchase 977,94.98,Shopping
5727328b-3ea8-4f66-8b06-f253f8532fe3,2024-07-21,Clothes purchase 978,147.51,Shopping
6865e833-c211-4d69-8486-ce157e486ca5,2024-01-26,Coffee purchase 979,33.86,Transport
5511f3fc-2623-44d0-b6b4-95814bb78bd9,2024-06-21,Movie purchase 980,171.25,Food
aebc5590-5140-448c-b5cd-44a96d6dfc12,2024-10-26,Electricity purchase 981,143.62,Entertainment
b88dba7f-3e75-4113-b632-621f74a0f196,2024-05-12,Bus purchase 982,181.85,Transport
67053dd6-0f71-4721-a2fe-437e5c6d6584,2024-11-21,Clothes purchase 983,30.81,Food
d7c88986-6711-4a15-9bc3-6a898adb747e,2024-04-27,Electricity purchase 984,120.64,Shopping
f7921c20-a2bd-4ec2-a9dd-4c27c4ab79b5,2024-11-19,Movie purchase 985,121.83,Food
7b4c4598-2944-41a8-92a8-d7a5879b4d6a,2024-10-01,Bus purchase 986,73.92,Food
5e09e556-4ac9-4949-86b0-f5fc83330b41,2024-07-30,Bus purchase 987,94.4,Food
01bb4de3-4bda-4bcc-a371-ec3a77bd0878,2024-08-12,Clothes purchase 988,12.41,Entertainment
0b14a277-45c4-454a-84a9-c15cd997e26c,2024-01-20,Coffee purchase 989,150.44,Food
39ab15b4-5fc6-4e17-b229-20b970ece9f0,2024-04-22,Movie purchase 990,112.12,Entertainment
aa31ce3d-fc23-4047-9e23-5997d0939d2c,2024-05-19,Clothes purchase 991,16.26,Shopping
99e9e868-c6c9-4984-a0bf-77a439c0f6a9,2024-02-16,Movie purchase 992,137.75,Entertainment
058746c2-f631-47a6-8d5b-a994b034c271,2024-01-01,Coffee purchase 993,96.02,Shopping
411004f3-9869-4333-8ca1-f5f5358c7b10,2024-03-30,Coffee purchase 994,11.72,Shopping
5f018bb0-0fa0-4f95-86b9-997368bf124b,2024-05-21,Clothes purchase 995,194.07,Entertainment
343b02a9-e5c7-4dc3-8458-21bc5cf1c6fe,2024-11-15,Coffee purchase 996,190.08,Transport
305462f5-eb2b-481b-999c-2a40b0c6a771,2024-02-07,Electricity purchase 997,105.02,Bills
5efe9425-80e7-4f2f-9485-3a6f096e7bbd,2024-10-19,Bus purchase 998,23.27,Food
9fd021f8-4a78-4ca4-b653-48b215302209,2024-05-18,Clothes purchase 999,152.15,Bills
